id,slug,trading_name,area,published,claimed,verification_state,completeness_score_6,suggested_indexable,review_reasons,suggested_action
ad26d455-6521-4666-a9ce-dbcead9da6a8,25seven-assist,25Seven Assist,Durban North,true,false,directory_record,4,true,,retain_review
5bd6be9e-fdee-42b3-8c4f-a02684c00688,berea-plumbers,Berea Plumbers,Durban North,true,false,directory_record,3,true,thin_description,manual_review
dd20b4cb-5170-4491-890e-1cc3ba4c70bb,bmtt-plumbing-services,BMTT Plumbing Services,Pinetown,true,false,directory_record,4,true,,retain_review
8c186233-f9c4-4edd-9e58-ea4f2867e790,chapman-plumbing,Chapman Plumbing,Ballito,true,false,directory_record,2,true,missing_services|thin_description,manual_review
f06394f4-97f6-444f-8ee8-9fc7aed871c0,chb-plumbing,CHB Plumbing,Pinetown,true,false,directory_record,2,true,missing_services|thin_description,manual_review
b4165338-210f-4600-af35-e2e7dbacfec6,ganga-plumbers,Ganga Plumbers,Pinetown,true,false,directory_record,2,true,missing_services|thin_description,manual_review
ae87ccf3-318c-4d78-854b-a13a963da60c,imbokodo-plumbing-services,Imbokodo Plumbing Services,PMB,true,false,directory_record,3,true,thin_description,manual_review
48118ee8-d428-4f61-a332-74e83231818d,modl-plumbers,Modl Plumbers,Pinetown,true,false,directory_record,4,true,,retain_review
c6641495-9214-4b22-9e24-f973e338cc17,plumbxzn,PlumbXZN,Newcastle,true,false,directory_record,3,true,missing_services,manual_review
e6864393-9495-42f0-9cf4-c963206708c5,silver-solutions-1273cc-kzn-plumbing,Silver Solutions 1273CC - KZN Plumbing,South Coast,true,false,directory_record,4,true,,retain_review
9c84aa3b-f53e-435f-96f3-4158e2297b2e,piet-man-plumbing-solutions,Piet-man Plumbing Solutions,Ballito,true,false,directory_record,3,true,missing_services,manual_review
1c82b7c3-face-4869-b771-971ff3ead24d,united-solar-rsa,United Solar RSA,Durban North,true,false,directory_record,2,false,missing_services|thin_description,manual_review
deec2f4b-6cf4-4f6f-87b6-cc1ed77aa2bc,kvv-projects,KVV PROJECTS,Durban North,true,false,directory_record,4,true,,retain_review
e4b40406-63f4-44a2-b6be-4520b524b1e0,mr-plumber,Mr Plumber,Newcastle,true,false,directory_record,3,true,,retain_review
b64dc5ac-6c5b-4700-8432-c427fc08ebb1,rns-waterworks,Rns Waterworks,Durban North,true,false,directory_record,3,true,,retain_review
7942c58a-e144-4b6b-beb7-76dd880cd528,zakombunje,Zakombunje,Durban South,true,false,directory_record,3,true,missing_services,manual_review
53139114-5774-4113-b44f-ad3b25fccac8,24-fix-durban,24 Fix ( Durban ),Durban North,true,false,directory_record,2,true,thin_description,manual_review
5302a0ee-dd8b-4fdb-b167-44aee2f25a4d,mzele-enterprise,Mzele Enterprise,Durban South,true,true,business_claimed,6,true,,retain_review
d980217b-f2ee-4512-ade1-039c9ac90529,osolwazi-plumbers,Osolwazi Plumbers ,Pinetown,true,true,business_claimed,3,true,missing_phone|thin_description,manual_review
e19efa03-4b36-4143-888c-0d555bbace44,24-7-geyser-and-plumbing-solutions,24-7 Geyser And Plumbing Solutions,Ballito,true,false,directory_record,3,true,,retain_review
058fbd44-0ad1-4337-a258-1050716bc6de,25-seven-assist,25 Seven Assist,Durban South,true,false,directory_record,1,false,missing_services|thin_description,manual_review
746b8698-25bf-4382-b339-b2c1e9932eef,360-plumbing-and-renovations,360 Plumbing and Renovations,Durban North,true,false,directory_record,4,true,,retain_review
22bdf045-92b2-4ff3-9926-72021ffcd5b1,3d-united-projects,3D United Projects,Richards Bay,true,false,directory_record,3,true,,retain_review
bbed36ea-c322-441d-9127-b82094ce01db,luve-investment-plumbing,Luve investment plumbing ,Durban North,true,true,business_claimed,4,true,,retain_review
36aaa488-7f18-4d05-85b6-2bf5be950294,a-class-plumbers,A-class Plumbers,Pinetown,true,false,directory_record,4,true,,retain_review
54b09fdd-47cb-47e9-8c96-f7d5d7fa7bd1,a1-plumbing,A1 Plumbing,South Coast,true,false,directory_record,4,true,,retain_review
db1f7183-6aa6-40ad-90ee-722d07b5dc08,a2d-plumbers,A2D Plumbers,Durban North,true,false,directory_record,4,true,,retain_review
c0a0c6ca-e84b-47a0-841a-653ff604222e,abanda-manzi-plumbing-and-building-services,Abanda Manzi Plumbing and Building Services,PMB,true,false,directory_record,2,true,missing_services|thin_description,manual_review
eaa5c237-3393-491e-985e-7bd55008ff57,abc-plumbing-and-civils,Abc Plumbing And Civils,Durban South,true,false,directory_record,3,true,,retain_review
093f5f6e-21be-4a6b-9fbe-5fb3be5182b0,abjoy-development-services,Abjoy Development Services,Durban South,true,false,directory_record,1,true,missing_services|thin_description,manual_review
f5e21d81-1287-45f3-8dd1-ac996f947cd3,acorn-projects-19,Acorn Projects 19,Pinetown,true,false,directory_record,3,true,missing_services,manual_review
c55688e7-4b67-48db-b448-8cb179b329e7,african-valleys,African Valleys,Pinetown,true,false,directory_record,2,true,missing_services,manual_review
84b97dde-2c49-4aca-abe1-e114580ff047,afriplumb,Afriplumb,Durban South,true,false,directory_record,1,false,missing_services|thin_description,manual_review
4ee542ab-7b3e-4a6c-862b-15b474140341,agglomerate-intermediary-services,Agglomerate Intermediary Services,Durban North,true,false,directory_record,4,true,,retain_review
fdd69b5b-9576-45e4-8a41-6717ee24d1fd,akwande-multi-services,Akwande Multi Services,Richards Bay,true,false,directory_record,1,true,missing_services|thin_description,manual_review
88eb01a0-7666-4bd5-886c-51687c3cd4ca,al-imaad-foundation,Al-imaad Foundation,Newcastle,true,false,directory_record,3,true,thin_description,manual_review
cf0c2c99-98a5-4842-9363-7d241e07116b,off-the-grid,Off the Grid,South Coast,true,true,business_claimed,3,true,missing_services|generated_template_description,manual_review
c89a2c36-10cb-45ad-99f4-3522ce214b0f,alex-campbell-co-plumbers,Alex Campbell & Co Plumbers,PMB,true,false,directory_record,2,false,missing_services|thin_description,manual_review
f849229d-6ae5-4bcc-8824-4a3ebc01149e,alleys-industrial-services,Alleys Industrial Services,Richards Bay,true,false,directory_record,3,true,thin_description,manual_review
e4a135cd-4617-4752-b051-83a8ce2fe7bd,allied-fire,Allied Fire,Pinetown,true,false,directory_record,3,true,thin_description,manual_review
0a151fe0-4288-4660-8f9b-a5a2d9558093,alomamix,Alomamix,Newcastle,true,false,directory_record,2,true,missing_services,manual_review
6721cf63-4a9d-42d7-a43f-74254df31fa5,am-pm-project-management-services,AM PM Project Management Services,Ballito,true,false,directory_record,3,true,missing_services,manual_review
a8f22313-bafc-4fd7-82dc-154ff13e7d94,amamvelase-amahle,Amamvelase Amahle,Richards Bay,true,false,directory_record,4,true,,retain_review
add051d1-67c9-4079-b6fa-4ac3343fd484,amanfo-trading,Amanfo Trading,Pinetown,true,false,directory_record,3,true,thin_description,manual_review
e960ccd9-6bb9-49f7-95ed-d52e15ab6cf5,amangwane-visions,Amangwane Visions,Durban North,true,false,directory_record,2,true,missing_services,manual_review
93cc440e-6d0b-4e33-9e23-490365e7b511,amangwenya-trading-and-projects,Amangwenya Trading And Projects,Durban North,true,false,directory_record,4,true,,retain_review
297cbe0c-7788-472b-8e7b-83e824b8a23d,amazwi-jn-trading,Amazwi jn trading,Richards Bay,true,false,directory_record,2,true,missing_services,manual_review
c5a2284b-1e30-45dc-bde1-1cfc63e711b7,ams-plumbing,AMS Plumbing,Durban South,true,false,directory_record,2,true,missing_services|thin_description,manual_review
7a38f90e-59ef-402e-a330-786fdb4652ec,aneli-projects,Aneli Projects,Pinetown,true,false,directory_record,3,true,,retain_review
d3f55c7a-f4f2-4585-9ee4-08d17f5847a1,antolo-trading-and-plumbing,Antolo Trading And Plumbing,Durban South,true,false,directory_record,2,true,missing_services|thin_description,manual_review
9e069b60-5ea5-4801-b5fe-9504f76ab19d,apex-care-innovations,Apex care innovations,Pinetown,true,false,directory_record,3,true,,retain_review
dbecd360-eaf4-4c11-b8c4-e8fef7f4a748,apg-plumbing,APG Plumbing,Ballito,true,false,directory_record,3,true,thin_description,manual_review
ac25ba87-9501-4f9d-b95c-92d5f8ea73be,app-plumbing,APP Plumbing,PMB,true,false,directory_record,3,true,,retain_review
4af2226e-76d9-498e-b437-6f31fb567b50,aqua-solutions,Aqua Solutions,PMB,true,false,directory_record,1,true,missing_services|thin_description,manual_review
dd2fe36c-5d19-4067-8793-2638e615409c,aquafix-plumbing-services,Aquafix Plumbing Services,Pinetown,true,false,directory_record,2,false,missing_services|thin_description,manual_review
a4fccada-157a-49af-ba59-c7e7e5c66322,nokusonga-construction-pty-ltd,NOKUSONGA CONSTRUCTION PTY LTD ,Durban North,true,true,business_claimed,4,true,,retain_review
ab3e2e4b-84f7-4bb7-9fa8-3775ffb36d9b,ashcom-building-and-plumbing-contractors,Ashcom building and plumbing contractors,Richards Bay,true,false,directory_record,3,true,,retain_review
7c13f605-1246-4e5c-a31a-db1eab4d72f4,ashwin-plumbers,Ashwin Plumbers,Durban South,true,false,directory_record,4,true,,retain_review
e459070a-44f8-4efc-b53b-dd55c8c956ab,astine-projects,Astine Projects,Durban North,true,false,directory_record,2,true,thin_description,manual_review
937baf45-324d-46cb-988e-6da96e648099,austria-plunbing,Austria Plunbing,Richards Bay,true,false,directory_record,2,true,missing_services,manual_review
df437b10-59b5-4c47-b9b4-6368aee9a36e,auxilliary-plumbers,Auxilliary Plumbers,Durban South,true,false,directory_record,4,true,,retain_review
12f59c96-5504-4f8e-a31f-a9509388bfb7,awande-m-and-n,Awande M and N,Durban North,true,false,directory_record,4,true,,retain_review
4523e1cd-3e7b-41d0-98ba-3839dac6a207,ayab-projects,Ayab Projects,Richards Bay,true,false,directory_record,2,true,missing_services,manual_review
09ce916a-55e1-4149-b977-3c4f98eb53e1,ayanda-amashenge-trading,AYANDA AMASHENGE TRADING,Durban North,true,false,directory_record,2,true,missing_services,manual_review
6c018413-021a-4d96-af73-397a832e1570,aysaf-plumbers-home-improvements,Aysaf Plumbers & Home Improvements,Durban North,true,false,directory_record,2,true,missing_services|thin_description,manual_review
5e68d168-94f7-4463-a156-1b9dfb79b2c2,azania-bhaca,Azania Bhaca,PMB,true,false,directory_record,3,true,,retain_review
1f69efed-f083-4d67-8f67-2d25b752f7d4,b-s-plumbers,B & S Plumbers,Durban North,true,false,directory_record,1,true,missing_services|thin_description,manual_review
bb21607a-6222-4397-8b1c-1381dadc7b8c,baert-plumbing,Baert Plumbing,PMB,true,false,directory_record,3,true,thin_description,manual_review
bd739ebb-ef10-4cb9-bd33-6fc6758f0668,menzi-h-plumbers,Menzi H Plumbers,Durban North,true,true,business_claimed,2,true,missing_phone|thin_description,manual_review
f4fdcbfc-731b-4e9a-bc2d-509ba5b39fc9,bamba-plumbers,Bamba Plumbers,Ballito,true,false,directory_record,3,true,,retain_review
35e9a6fc-c74b-477f-b9e9-83d06e50164d,baycity-aluminium-and-projects,Baycity Aluminium and Projects,Richards Bay,true,false,directory_record,3,true,,retain_review
eec5479a-1c58-4c9b-9bd0-6d12b374ae62,bbam,BBAM,Durban North,true,false,directory_record,2,false,missing_services|thin_description,manual_review
9e90842d-dfb9-4755-bc8f-0f54ec393e6b,bearded-industries,Bearded Industries,PMB,true,false,directory_record,2,false,missing_services|thin_description,manual_review
eb30318c-512c-4b9a-b985-7fc39943def7,bergens-s-aplliance-repairs-and-plumbing-durban,Bergens's Aplliance Repairs and Plumbing Durban,Durban South,true,false,directory_record,2,true,thin_description,manual_review
f96b8c66-91ed-458a-b78a-ec464b11bd9a,bfb-plumbing-construction-and-maintenance,BFB Plumbing Construction and Maintenance,Richards Bay,true,false,directory_record,4,true,,retain_review
73256344-e6f8-4c52-a185-e04b7b2acc50,bg-plumbing,BG Plumbing,PMB,true,false,directory_record,2,true,missing_services|thin_description,manual_review
bf883ef6-5fcc-401e-a832-bb23253f64d4,biyela-plumbers-and-projects,Biyela Plumbers and Projects,Durban North,true,false,directory_record,3,true,thin_description,manual_review
8cd53e69-16aa-4279-8099-82f7d20aa904,black-ants-intervention-unit,Black Ants Intervention Unit,PMB,true,false,directory_record,3,true,,retain_review
e18fc043-c69e-4be8-8956-74bf34ceb4ce,blackwolf-plumbing-and-accessories,Blackwolf Plumbing and Accessories,Ballito,true,false,directory_record,4,true,,retain_review
9dc953f4-b60f-41dd-8dbc-b98ea94c0d0d,blue-sky-plumbers,blue sky plumbers,Durban North,true,false,directory_record,3,true,missing_services,manual_review
6099bc3f-93e8-4dc1-a3f3-74cbdde53462,bluedot-plumbing-inn,Bluedot plumbing inn,PMB,true,false,directory_record,4,true,,retain_review
084c5897-97dc-4538-b58d-99420a179fce,bradlee,Bradlee,Durban South,true,false,directory_record,4,true,,retain_review
f09e891e-4383-40b7-96b6-5dfb52a6c5ea,breakthru-101-services,BreakThru 101 Services,PMB,true,false,directory_record,2,true,missing_services|thin_description,manual_review
27f1b16d-f620-48c4-8d5f-38f72c199583,brenlin-plumbing,Brenlin Plumbing,Durban North,true,false,directory_record,3,true,thin_description,manual_review
f11a1d69-cf5b-415f-9c72-61b150f1d3b5,brian-brandis-electrical,Brian Brandis Electrical,PMB,true,false,directory_record,4,true,,retain_review
0714fa88-59ff-4568-976c-bc0b6e0e0cb7,brij-s-plumbing-services,Brij's Plumbing Services,Durban North,true,false,directory_record,2,false,missing_services|thin_description,manual_review
4da34597-4068-4df9-a2a7-2c0f20539750,bruce-rode-plumbing,Bruce Rode Plumbing,Durban South,true,false,directory_record,3,true,thin_description,manual_review
72cab26b-a058-4899-b87e-a847ad550cc5,building-and-civils-construction-solutions,Building And Civils Construction Solutions,Ballito,true,false,directory_record,2,true,thin_description,manual_review
5091db53-17dc-4f8b-9f4b-0232f072eea2,buildworth-projects,Buildworth Projects,PMB,true,false,directory_record,2,true,missing_services|thin_description,manual_review
fd8bbd5a-28bf-490b-846e-e74315afc383,dc-plumbing-and-handyman,DC Plumbing and Handyman,Other KZN,true,false,directory_record,1,true,missing_services|generated_template_description,manual_review
bb8582fd-3f8c-458c-9d03-734149118d5d,bure-plumbers,Bure Plumbers,Newcastle,true,false,directory_record,4,true,,retain_review
e74720df-3b64-4a00-9969-64a2cfe96078,c-r-contractors-kwazulu,C & R Contractors Kwazulu,Durban North,true,false,directory_record,1,true,missing_services|thin_description,manual_review
41d31ac6-9b78-4df1-a024-28196ba05936,c-and-c-plumbing-solutions,C and C Plumbing Solutions,Ballito,true,false,directory_record,2,true,missing_services|thin_description,manual_review
1d2083fd-741f-457f-9d40-bf978485670b,c-strong-plumbng,C-Strong Plumbng,South Coast,true,false,directory_record,2,true,missing_services|thin_description,manual_review
5d37667f-a445-4a2e-9719-ecc544cc1b33,c-f-thompson-plumbers,C.F Thompson Plumbers,PMB,true,false,directory_record,2,true,missing_services|thin_description,manual_review
0bb3a0f9-fe9c-4420-8cdf-d42cf84aea42,c-j-de-bruyn,C.J. de Bruyn,Richards Bay,true,false,directory_record,1,false,missing_services|thin_description,manual_review
9a763e68-f121-409b-9591-c6318334997a,bobbys-plumbers,Bobbys plumbers,Pinetown,true,true,business_claimed,4,true,,retain_review
673d8dc1-7529-4979-9c9d-a6a786326a27,callaghan-plumbing,Callaghan Plumbing,Durban North,true,false,directory_record,2,true,thin_description,manual_review
632dfe34-f158-4c66-92ae-b43f33ea3381,calnik,CALNIK,Durban North,true,false,directory_record,4,true,,retain_review
70beb8bc-3dc7-473b-9ac8-7fdd99d5e24d,buselaphi-plumbers,Buselaphi Plumbers,Pinetown,true,true,business_claimed,4,true,thin_description,manual_review
6d07200c-d8d5-4a56-bc1c-057fe4c2d2a0,dph-sizani-plumbers-and-drainlayers,DPH SIZANI PLUMBERS AND DRAINLAYERS ,Durban South,true,true,business_claimed,3,true,missing_phone|thin_description,manual_review
340fafed-4982-462b-b944-e3b16ba60317,canpro-plumbing-and-maintenance,Canpro Plumbing and Maintenance,Durban North,true,false,directory_record,4,true,,retain_review
00447ff6-561b-43f6-ac12-5169de95428a,td-project,Td Project  ,Durban South,true,true,business_claimed,5,true,,retain_review
6b769af5-4b2a-488e-b6ba-76a8bc02e93a,cdx-trading-investments,Cdx Trading Investments,PMB,true,false,directory_record,3,true,,retain_review
bdf019c9-d197-499b-ab20-6cd327da3b5c,cga-trade-and-supply,CGA Trade and Supply,Durban North,true,false,directory_record,3,true,,retain_review
646c9932-8930-4d8e-9447-d53d22b74a6d,civil-flow-plumbing-and-projects,Civil Flow Plumbing and Projects,Durban South,true,false,directory_record,4,true,,retain_review
8cf8cc74-337e-48b0-9d82-d7e52e5f4efd,cj-copland-plumbing,CJ Copland Plumbing,Durban North,true,false,directory_record,4,true,,retain_review
fe409b4f-d1b1-4dc7-ac4e-6c97a582e135,coastline-plumbing,Coastline Plumbing,Richards Bay,true,false,directory_record,4,true,,retain_review
91c84479-b17d-4a69-ab36-bd52660e6df9,class-a-plumbing-and-home-maintenance,Class A Plumbing and Home Maintenance,Richards Bay,true,false,directory_record,3,true,thin_description,manual_review
08447df8-287e-4fbd-9dfa-fcbf92f8bf03,cle-plumbing,Cle Plumbing,Durban North,true,false,directory_record,3,true,,retain_review
2dd75ad8-d54e-42cd-b9b1-3768a33b3d6d,coastal-construction-and-maintenance,Coastal Construction and Maintenance,Durban South,true,false,directory_record,2,true,thin_description,manual_review
206caae5-5fbb-45b4-b4c2-71ff142e77cd,coc-solutions,COC Solutions,Durban South,true,false,directory_record,3,true,missing_services,manual_review
93e8f3a0-ef85-4210-91c0-78f5c1fab7c7,cordoba-plumbers,Cordoba Plumbers,Ballito,true,false,directory_record,4,true,,retain_review
ff2714b0-fca1-4071-904c-a62f04ad67d8,r-bukum-t-a-rns-waterworks,R BUKUM t/a RNS WATERWORKS,Durban North,true,true,business_claimed,2,true,missing_phone|thin_description,manual_review
1d68bef5-2f04-4327-8448-b76eabc9332e,coza-traders,Coza Traders,Durban North,true,false,directory_record,3,true,,retain_review
ddbb33a8-8e9b-4510-9f3a-befe67e03601,cupha-project,Cupha Project,Pinetown,true,false,directory_record,2,true,missing_services,manual_review
e210ed53-0f14-479c-a0f6-f6eb8d256bc9,cyclone-construction,Cyclone Construction,PMB,true,false,directory_record,1,false,missing_services|thin_description|entity_type_review,manual_review
1b391312-d287-48a2-897d-bf8d0947e313,d-and-d-plumbing-and-geyser-specialist,D and D Plumbing and Geyser Specialist,Durban South,true,false,directory_record,3,true,thin_description,manual_review
dd0185a4-d9ac-4bf5-8478-b0aeb67424c2,dar-plumbing,DAR Plumbing,PMB,true,false,directory_record,3,true,,retain_review
0e56f5c8-a124-4af1-9017-6d5c03285e0c,db-plumbing-and-maintenance,Db Plumbing and Maintenance,South Coast,true,false,directory_record,3,true,thin_description,manual_review
8ad34414-fd9f-4db7-84fc-58bea9906f12,dc-plumbers,DC Plumbers,Newcastle,true,false,directory_record,4,true,,retain_review
7fa3288a-56f9-4377-9453-293d99b63f6e,dean-fouche-plumbing-services,Dean Fouche Plumbing Services,Pinetown,true,false,directory_record,4,true,,retain_review
5ed646b5-2c45-4bb1-9996-54e569a8f958,dehals-plumbers,Dehals Plumbers,Durban North,true,false,directory_record,2,false,missing_services|thin_description,manual_review
cf3d3d38-0a9f-40f8-9d5a-807ac98f98a4,denozzo-trading-t-a-ccm-projects,Denozzo Trading t-a CCM Projects,Durban South,true,false,directory_record,2,true,missing_services,manual_review
9e6c901d-a1b4-4028-8787-9ac468d35f3a,department-of-health-mosvold-hospital,Department of Health Mosvold Hospital,Durban North,true,false,directory_record,2,false,missing_services|thin_description,manual_review
6494dd18-b6d5-401a-b208-09a8f0b7da81,dewedrop-plumbing-and-building,Dewedrop Plumbing and Building,Durban North,true,false,directory_record,2,true,missing_services|thin_description,manual_review
433cf452-250a-4fc4-8ce9-9a9081b7ff25,dg-plumbers-and-contractors,Dg Plumbers and Contractors,Durban North,true,false,directory_record,3,true,,retain_review
ab58602b-e36b-4f97-a975-3a2af1a21112,dh-interior-and-renovations,Dh Interior and Renovations,Durban North,true,false,directory_record,3,true,,retain_review
deafdc0a-668d-4204-bb24-90c97ef04774,drain-and-pipe-north-coast-trading-as-the-drain-surgeon,Drain and Pipe North Coast trading as The Drain Surgeon,Richards Bay,true,false,directory_record,3,true,,retain_review
a0bd547a-e833-4ab8-8186-cf53626c731d,dianco-s-plumbing-services,Dianco's Plumbing Services,Newcastle,true,false,directory_record,1,false,missing_services|thin_description,manual_review
53fd07c8-0121-4a33-9458-51b24d93d763,sietra-civils,Sietra Civils,Durban South,true,true,business_claimed,4,true,generated_template_description,manual_review
73cb0445-be89-4ec1-8e6a-c94614a9b858,dkh-plumbers,DKH Plumbers,Durban North,true,false,directory_record,3,true,,retain_review
a2c4bcf0-1e5c-4741-83f8-440baa88f706,dlangamandla-civils-and-maintenance,Dlangamandla Civils and Maintenance,Durban North,true,false,directory_record,3,true,,retain_review
bc3f1cc7-f47b-4973-8616-756ade1e4178,dly-plumbing-contractors,DLY Plumbing Contractors,Durban North,true,false,directory_record,2,true,missing_services|thin_description,manual_review
153bdbdc-8f20-4da8-96c8-f38b596adfe4,plumbguarantee,PlumbGuarantee,Pinetown,true,false,directory_record,1,true,missing_services|thin_description,manual_review
f3b76500-ca32-47c9-992b-c6a586099b88,ds-construction-and-civils,DS Construction and Civils,Durban South,true,false,directory_record,4,true,,retain_review
7c97cb07-f32c-4bbf-b52c-fbdf501c4625,dsj-plumbing-and-general-maintenance,Dsj Plumbing and General Maintenance,Durban South,true,false,directory_record,3,true,,retain_review
4f1881a4-17ec-4490-9683-f93d5f724f06,dube-trade-port,Dube Trade Port,Ballito,true,false,directory_record,2,true,missing_services|thin_description,manual_review
74d839cf-2e36-47d0-a208-504e9dd2ed78,dunamis-marketing-and-maintenance,Dunamis Marketing and Maintenance,Richards Bay,true,false,directory_record,3,true,,retain_review
3152c28d-49ec-4c43-a140-45c912b08585,dunrite-homes,Dunrite Homes,PMB,true,false,directory_record,1,false,missing_services|thin_description,manual_review
93581661-8e8f-421d-b5a8-4a2fc208294a,durban-plumbers-and-builders,Durban Plumbers and Builders,Durban North,true,false,directory_record,4,true,,retain_review
d71cff4e-ef2c-43d5-b8a7-0e60ba83f7b4,dwarfs-construction-and-maintenance,Dwarfs Construction And Maintenance,Richards Bay,true,false,directory_record,3,true,thin_description,manual_review
9aad2822-92bb-4441-83f4-5693ee1bf2b0,e-m-plumbing,E.M Plumbing,Richards Bay,true,false,directory_record,1,false,missing_services|thin_description,manual_review
390a145d-1f63-4745-a18a-44a31f8405e5,earlsfield-plumbers,Earlsfield Plumbers,Durban North,true,false,directory_record,2,false,missing_services|thin_description,manual_review
86bc6194-ffcc-4a9e-a2a1-757bf2a53755,plumbitrite-contractors-cc,Plumbitrite Contractors cc,Durban North,true,true,business_claimed,6,true,,retain_review
62800d1f-2f61-4924-a5f1-e198f761f431,east-cost-projects,East Cost Projects,Durban North,true,false,directory_record,1,false,missing_services|thin_description,manual_review
194210f5-1cfd-440b-8de4-44c887d5d530,easy-flo-plumbing-services,Easy Flo Plumbing Services,Durban North,true,false,directory_record,3,true,,retain_review
ce4d7b2e-d253-4772-910a-6777c6b50fe6,eco-tech-plumbing,Eco-Tech Plumbing,South Coast,true,false,directory_record,2,true,missing_services|thin_description,manual_review
34df2187-3a85-40fc-96c8-ed88f575f539,ej-plumbing,EJ plumbing,Durban North,true,false,directory_record,3,true,,retain_review
892fc46d-e514-47e6-a07d-e58b6a41bdd7,el-matador-plumbing-and-construction,El Matador Plumbing and Construction,Durban South,true,false,directory_record,3,true,entity_type_review,manual_review
2dc8979b-3765-447b-b027-4052dd8cbd58,elevation-builders-group,Elevation Builders Group,Durban South,true,false,directory_record,3,true,,retain_review
edf39faa-edc0-4b34-b076-7db07cf16980,embo-power-projet,embo power projet,Newcastle,true,false,directory_record,2,true,thin_description,manual_review
fcda0a16-77cb-4218-a53a-3fe4f61597c2,encore-maintenance-solutions,Encore Maintenance Solutions,Richards Bay,true,false,directory_record,2,true,thin_description,manual_review
27a7e2e8-ca6a-4d5f-a078-08966f361c54,famous-plumbers,Famous Plumbers,Durban South,true,true,business_claimed,4,true,,retain_review
fe4531c0-7ef6-4fe3-9bb6-22ca90ce380d,epc-engineering-projects-and-consultants,EPC Engineering Projects and Consultants,Durban South,true,false,directory_record,3,true,missing_services,manual_review
63d4c307-a829-4fc8-b800-eb842172ec9a,ergoflex-233cc-jeremiah-plumbing-and-maintenance,Ergoflex 233cc Jeremiah Plumbing and Maintenance,Durban North,true,false,directory_record,3,true,,retain_review
0c1d4c6f-44c0-4ca9-8f88-d5385d92a13a,eshara-services-and-supplies,Eshara Services and Supplies,PMB,true,false,directory_record,3,true,,retain_review
d565eff9-4689-4ac6-8753-3695142c1484,essenwood-residential-home,Essenwood Residential Home,Durban North,true,false,directory_record,1,true,missing_services|thin_description,manual_review
10f6b38b-4e99-4658-acb4-cc296ef8d1d3,ethekwini-municipality,Ethekwini Municipality,Ballito,true,false,directory_record,2,false,missing_services|thin_description|entity_type_review,manual_review
23725867-47ed-469b-af9f-8f9fe76f8afe,braderhood-plumbers,Braderhood Plumbers,Durban North,true,true,business_claimed,3,true,thin_description,manual_review
c394c216-def9-4b2d-8165-0dd389d2c55f,excellent-touch,Excellent Touch,Durban North,true,false,directory_record,2,true,missing_services|thin_description,manual_review
de72ef99-49ec-4898-8ee1-db030f7c3878,exo1414-group,Exo1414 Group,Durban North,true,false,directory_record,2,true,missing_services,manual_review
bb3b4d60-e6d2-4e86-82ac-d0a576f6c162,faithful-plumbing-and-maintenance,Faithful Plumbing and Maintenance,Pinetown,true,false,directory_record,4,true,,retain_review
f5517576-353f-4564-880f-57f359659371,fas-trading-sa,Fas Trading Sa,Durban South,true,false,directory_record,4,true,,retain_review
b67fc67b-ab23-4fb6-b8ae-17b3b4c171ed,fenner-trading,Fenner Trading,South Coast,true,false,directory_record,3,true,,retain_review
1cd742b0-7e7f-4630-b48f-545f8536ccfa,fire-fox,Fire Fox,South Coast,true,false,directory_record,1,true,missing_services|thin_description,manual_review
c6396b97-bcf6-4a1e-a734-ef94654bc0ed,fitt-rite-plumbers,Fitt Rite Plumbers,Pinetown,true,false,directory_record,3,true,thin_description,manual_review
4d643901-4bab-4626-8ec2-12ca5f71c249,flopro-plumbing,FloPro Plumbing,Richards Bay,true,false,directory_record,4,true,,retain_review
a3bd2c25-e8b1-4282-b8c1-b779d344f92f,flostar-plumbing-and-building-services,Flostar Plumbing And Building Services,Ballito,true,false,directory_record,4,true,,retain_review
a3669b70-f39e-4974-826c-0d8e0233fb3f,flow-bro-plumbing,Flow Bro Plumbing,PMB,true,false,directory_record,2,false,missing_services|thin_description,manual_review
8bbc1623-19d6-4e30-9659-fc6fb6fd0e7b,flowrite-property-maintenance-and-plumbing,Flowrite property maintenance and plumbing,PMB,true,false,directory_record,3,true,,retain_review
0f8ac202-9475-4037-a419-8df9034469d3,flush-con,Flush Con,Durban North,true,false,directory_record,3,true,thin_description,manual_review
bdb77efa-c8db-4618-b287-5745a11b4863,forsyth-plumbing,Forsyth Plumbing,PMB,true,false,directory_record,2,true,missing_services|thin_description,manual_review
126eba04-b26c-4083-8183-1d3d5c5f836e,mageba-plumber,Mageba plumber,Durban North,true,true,business_claimed,3,true,thin_description,manual_review
a4e14dac-144a-4617-9352-ee52e47a1c47,foxons-pluming-services,Foxons Pluming Services,Durban South,true,false,directory_record,2,true,missing_services,manual_review
3d46a2c8-3d6a-4487-9289-df95f8c51f95,fuku-training,Fuku Training,Newcastle,true,false,directory_record,2,true,missing_services,manual_review
0b320126-8475-4a95-a00d-8c036a004264,fullsteam-projects-and-trading,FullSteam Projects and Trading,South Coast,true,false,directory_record,3,true,missing_services,manual_review
6e9bea5a-e920-4c97-8b21-402b9b122a5c,fuze-bros-projects,Fuze Bros Projects,Newcastle,true,false,directory_record,3,true,,retain_review
411dbd74-32f4-4abc-84f6-d4b1aee12d51,gabbai-holdings,Gabbai Holdings,Durban South,true,false,directory_record,2,true,missing_services|thin_description,manual_review
488ebc3e-a5d6-4d83-906d-8ea33a86291b,gale-s-plumbing,"Gale,s Plumbing",Durban South,true,false,directory_record,1,false,missing_services|thin_description,manual_review
c2005648-9325-49b4-8733-5b61f064467e,gener-8-durban-north,Gener 8 - Durban North,Durban North,true,false,directory_record,1,true,missing_services|thin_description,manual_review
932b106d-fb5f-4c4e-a324-9e9afc123a4d,genov8-trading,Genov8 trading,Durban North,true,false,directory_record,3,true,,retain_review
bc2254ab-db6a-4352-be0f-88c761966d51,gillitts-park-properties,Gillitts Park Properties,Durban North,true,false,directory_record,3,true,thin_description,manual_review
c4652f63-2c66-427d-be2e-8c5c00f00d85,neighbourhood-plumbers,Neighbourhood Plumbers,Other KZN,true,true,business_claimed,5,true,,retain_review
96803329-a5ba-49ff-848e-b6d2df3969d8,gnh-construction-and-plumbing,Gnh Construction and Plumbing,PMB,true,false,directory_record,3,true,missing_services,manual_review
7d8cbb2f-55b4-4045-80a5-d673a51f4e95,goofy-plumbing-services,Goofy Plumbing Services,Pinetown,true,false,directory_record,1,false,missing_services|thin_description,manual_review
0e088d02-9444-4980-a421-8c4d3e5894d6,gps-plumbing-service,GPS Plumbing Service,Richards Bay,true,false,directory_record,2,true,missing_services|thin_description,manual_review
f31d7366-2ae7-4655-a34c-747595370f87,greenenergy-plumbing-and-solar-specialists,GreenEnergy Plumbing and Solar Specialists,Ballito,true,false,directory_record,3,true,,retain_review
8ea0d654-ca94-4e6f-88db-b3ebf0436ffe,greensolutions,Greensolutions,Durban North,true,false,directory_record,1,true,missing_services|thin_description,manual_review
38a6df0e-2131-4462-941f-7b3759a7e83e,greers-electrical,Greers Electrical,South Coast,true,false,directory_record,3,true,,retain_review
2b682250-2038-41e2-8c3a-aa1c772f76d8,gregrene-plumbers,Gregrene Plumbers,Durban North,true,false,directory_record,4,true,,retain_review
2c252568-9ae5-42a9-84d7-60d6af196913,gridon-trading-cc-trading-as-sinethemba-construction,Gridon Trading CC Trading As Sinethemba Construction,Newcastle,true,false,directory_record,3,true,entity_type_review,manual_review
01504209-a539-4603-a420-d3d3e890bf0d,guduka-trading-enterprise,Guduka Trading Enterprise,Newcastle,true,false,directory_record,4,true,,retain_review
d4a267ba-3169-4901-b2b3-42e0cf496f9d,h2o-plumbers-and-projects,H2o PLUMBERS AND PROJECTS,Durban North,true,false,directory_record,3,true,,retain_review
0d418687-7ee0-4585-a9f8-8fa14a5069ad,h2o2u-plumbing,H2O2U Plumbing,South Coast,true,false,directory_record,3,true,,retain_review
31fbbcdb-0920-4deb-8cba-0c8f88ca33f1,handy-fellas,Handy Fellas,PMB,true,false,directory_record,3,true,,retain_review
5cba23f6-b7eb-474f-b55e-76d04c9a0297,haqa-plumbing-and-construction,Haqa Plumbing And Construction,Durban North,true,false,directory_record,2,true,missing_services|thin_description|entity_type_review,manual_review
8f7325d5-46a7-4242-84c8-542bcc186da5,hi-glen-construction,Hi-Glen Construction,South Coast,true,true,business_claimed,3,true,missing_services|entity_type_review,manual_review
2e5ebbe3-f273-408e-bee9-520324813b2e,harris-plumbers,Harris plumbers,Richards Bay,true,false,directory_record,1,false,missing_services|thin_description,manual_review
6859e5fb-54dc-41b8-9fd3-a1fb82d1ea48,osolwazi-enterprise,Osolwazi Enterprise,Pinetown,true,true,business_claimed,4,true,missing_services,manual_review
3a87d17d-ccd9-4f2e-a876-074212f146bd,hay-plumbing,Hay Plumbing,Pinetown,true,false,directory_record,2,true,thin_description,manual_review
c2f3e497-7398-4940-9619-fd9667f3f109,henk-b-construction,Henk B Construction,Newcastle,true,false,directory_record,4,true,entity_type_review,manual_review
e14594ec-c13f-49f9-8727-307c66df06f7,herron-construction,Herron Construction,Durban North,true,false,directory_record,3,true,entity_type_review,manual_review
0d8bd72c-3949-4190-b263-9caf86c6ff28,hibiscus-plumbing-services,Hibiscus Plumbing Services,South Coast,true,false,directory_record,4,true,,retain_review
738c9019-c57a-493b-9fce-dc823fdeb612,hlangalezwe-contractor,Hlangalezwe Contractor,Durban North,true,false,directory_record,3,true,,retain_review
b8da0a7e-6911-4325-adbd-b70e3cc132aa,hlangalezwe-contractors,Hlangalezwe Contractors,Durban North,true,false,directory_record,4,true,,retain_review
0b95e8a1-9d9d-4786-b38d-cffb7d73366c,hollows-plumbing,Hollows Plumbing,Durban South,true,false,directory_record,4,true,,retain_review
2de8ae1c-70a2-431d-89d3-9ce1eeece4b4,home-improvement-services,Home Improvement Services,PMB,true,false,directory_record,3,true,,retain_review
aeebbcf4-56e5-4a1b-b0f7-20e786934408,hr-construction-and-maintenance,Hr CONSTRUCTION AND MAINTENANCE,PMB,true,false,directory_record,3,true,,retain_review
4ca41252-6281-4bd4-a3f6-b87606d8c091,hr-plumbers,HR Plumbers,PMB,true,false,directory_record,3,true,thin_description,manual_review
f64550c5-0616-4481-ae08-d808267b87af,hs3rd-gen-contractors,Hs3rd Gen Contractors,Durban North,true,false,directory_record,3,true,,retain_review
2243b7a9-6cfb-407e-b57f-19fc54b64dc1,huttons-plumbing,Huttons Plumbing,PMB,true,false,directory_record,3,true,,retain_review
dd2af62c-499a-43f7-843b-aac96cfe52c7,hydrotech-plumbing-jetting,Hydrotech Plumbing & Jetting,Durban North,true,false,directory_record,2,true,missing_services|thin_description,manual_review
77342c65-3431-4fe6-8a39-41d515974629,iblamane-trading-enterprise,Iblamane Trading Enterprise,Other KZN,true,false,directory_record,2,true,missing_services,manual_review
a13f4a40-46cc-4799-98d6-69b99fd6b500,tessling-plumbers-maintenance,Tessling Plumbers & Maintenance,Durban South,true,true,business_claimed,4,true,thin_description,manual_review
2c6539aa-8630-418d-bb20-ee2a565b9497,impilo-plumbing-services,Impilo Plumbing Services,Durban North,true,false,directory_record,2,true,missing_services,manual_review
5b6cc9a0-dcd0-4717-9557-6d014e690924,imzi-plumbing-and-general,Imzi Plumbing and General,Durban South,true,false,directory_record,3,true,thin_description,manual_review
cb8c6431-bd3c-4752-8372-e5a878c6aa06,infinite-civils-and-plumbing,Infinite Civils and Plumbing,Durban South,true,false,directory_record,1,false,missing_services|thin_description,manual_review
b2f9641e-bdd5-44ec-b7a9-dd1519e60fef,inkosi-building-services,Inkosi Building Services,Pinetown,true,false,directory_record,2,true,missing_services,manual_review
af66f3b0-c13e-47c4-b11b-8edca9096b78,inkwazi-industial-services,Inkwazi Industial Services,Durban North,true,false,directory_record,3,true,,retain_review
1918b7b1-cc44-4e9c-819f-13fcaec3a8b3,instant-plumbing-kzn,Instant Plumbing Kzn,PMB,true,false,directory_record,3,true,,retain_review
f58b4e43-a9ce-45f8-a4ea-e1207e522bfa,intathakusa-projects-1107,Intathakusa Projects 1107,Durban South,true,false,directory_record,2,true,missing_services,manual_review
462a1a1d-6069-4161-bab2-476080a8edc8,intoyamehlo-trading-and-projects,Intoyamehlo Trading And Projects,Pinetown,true,false,directory_record,2,true,missing_services,manual_review
71500d06-d35e-4196-adea-8d13799b7dd3,inyanda-engineering-and-building-services,Inyanda Engineering and Building Services,Richards Bay,true,false,directory_record,2,false,missing_services|thin_description,manual_review
c7e49d58-58bb-4b04-bccb-9135c802d4c1,iseme-holdings,Iseme Holdings,Durban South,true,false,directory_record,4,true,,retain_review
204324ab-6bb6-4e08-b2df-7d0dec1ebeff,isihlonti-enterprise,Isihlonti Enterprise,Durban North,true,false,directory_record,4,true,,retain_review
d6668621-4917-4bd0-b060-dfd0ce51e293,isiphetho-business-enterprise,Isiphetho Business Enterprise,Richards Bay,true,false,directory_record,3,true,,retain_review
719fdf65-d5d7-4223-bf8f-e241f368450e,isiqonqwane-trading-enterprise,Isiqonqwane Trading Enterprise,Durban North,true,false,directory_record,2,false,missing_services|thin_description,manual_review
71f0a9ed-c322-4573-a4ca-43a75f39f757,isithembele-building-construction-and-maintenance-services,Isithembele Building Construction and Maintenance Services,Durban South,true,false,directory_record,3,true,,retain_review
069e3d5d-a044-4b86-bf2a-50eaf10a0ce2,izeleze-trading-n-projects,Izeleze Trading N Projects,PMB,true,false,directory_record,2,true,missing_services,manual_review
13f1e363-f4c4-41c2-a891-befec17295a6,izigi-zengonyama-hodlings,Izigi Zengonyama Hodlings,Richards Bay,true,false,directory_record,3,true,,retain_review
54b65516-5216-46c3-9309-6ef7ffd99b32,j-and-j-building-maintenance-and-plumbing,J and J Building Maintenance and Plumbing,Durban South,true,false,directory_record,3,true,,retain_review
7c49a69e-45ee-464a-b402-892554420312,abanqobi-plumbers-pty-ltd,AbaNqobi Plumbers Pty Ltd,Estcourt,true,true,business_claimed,5,true,,retain_review
d521ba1b-7496-4462-a1e6-b1da963508c2,jagz-plumbing,JAGZ Plumbing,PMB,true,false,directory_record,2,true,missing_services|thin_description,manual_review
68db6634-02a6-41e0-a67c-6b1b7775a65d,jan-plumb,Jan Plumb,Ballito,true,false,directory_record,4,true,,retain_review
059d235a-79f3-4c05-97a1-c83dbc94bbc4,iso-lamanzi-plumbers,Iso Lamanzi Plumbers,Durban South,true,true,business_claimed,3,true,thin_description,manual_review
3d7b3022-7213-4169-894d-752bf656fba7,jb-and-sons-trading-enterprise,Jb and Sons Trading Enterprise,Pinetown,true,false,directory_record,2,true,missing_services|thin_description,manual_review
71ec4b8c-7113-44c6-89e5-cffcbe9b0419,jc-triple-c-trading,JC Triple C Trading,Durban South,true,false,directory_record,4,true,,retain_review
9f1cc390-c071-4c18-ad54-d112d3dc4145,kayatech-plumbing,Kayatech Plumbing,Durban South,true,false,directory_record,2,true,missing_services|thin_description,manual_review
70da2b39-7c4f-44b1-b17c-21ac40f26b40,jeremaya-construction-and-hardware,Jeremaya Construction and Hardware,PMB,true,false,directory_record,3,true,,retain_review
9e48fff7-39ea-4835-9f2b-31f6420dc7e0,jerro-enterprise,Jerro Enterprise,Durban South,true,false,directory_record,2,true,missing_services|thin_description,manual_review
a840ba66-2164-426f-af65-3abad8537107,jesjo-business-enterprises,Jesjo Business Enterprises,South Coast,true,false,directory_record,4,true,,retain_review
f326b727-841c-46de-9aab-7ee05f7f7063,jesjo-plumbing,Jesjo Plumbing,South Coast,true,false,directory_record,2,false,missing_services|thin_description,manual_review
8635fa0e-9aa6-4b4c-baed-586bc3778e94,bizayo-project-works,Bizayo Project Works,Durban North,true,true,business_claimed,3,true,missing_phone|thin_description,manual_review
2c614d1c-cacb-445d-a07e-3df282ae0d33,jj-geyser-and-plumbing-services,JJ Geyser and plumbing services,Ballito,true,false,directory_record,3,true,thin_description,manual_review
75c6c6f2-79d0-4fd2-a012-b2733f6d8b72,jonny-plumbers,Jonny Plumbers,Pinetown,true,false,directory_record,3,true,missing_services,manual_review
1afea44d-2007-4054-8010-5e2f0de293ff,jozline-plumbers-and-electrical-services,Jozline Plumbers and Electrical services,Pinetown,true,false,directory_record,2,true,missing_services|thin_description,manual_review
b672ecc8-2785-4cd7-975b-d4e09dae1e0c,jr-sibo,Jr Sibo,Pinetown,true,false,directory_record,3,true,,retain_review
7afd5a8d-dbe0-4ac8-b511-c49ede0fdd2b,jts-home-services,Jts Home Services,South Coast,true,false,directory_record,3,true,,retain_review
058524dd-d352-44b8-a055-efa649c98aba,worlds-best,Worlds Best,PMB,true,true,business_claimed,3,true,missing_phone|thin_description,manual_review
ebbf2e58-0618-4b2d-8ff8-6a401d01ef08,k-e-plumbing-building-and-maintenance,K E Plumbing building and maintenance,South Coast,true,false,directory_record,3,true,,retain_review
3ed6d394-2a7a-47ee-9d5f-d2478754d8a3,k2016396559,K2016396559,Durban North,true,false,directory_record,3,true,,retain_review
58d9b4d1-fa64-4bcb-af56-8e5580ad377a,kampara-civils,Kampara Civils,Durban North,true,false,directory_record,3,true,missing_services,manual_review
3b3eea2c-539d-47f7-9709-d5d3bbddd8c0,kamqhele-consulting-and-projects,Kamqhele Consulting and Projects,PMB,true,false,directory_record,3,true,,retain_review
b0d5f39d-d372-4941-ae68-c6922bf27e24,kdm-construction,KDM Construction,Durban North,true,false,directory_record,2,false,missing_services|thin_description|entity_type_review,manual_review
a0780234-4bfa-4e7c-993d-4e6075546476,kemps-plumbing,Kemps Plumbing,South Coast,true,false,directory_record,3,true,thin_description,manual_review
2d4ead23-4151-48c4-abc3-63e803dcdd50,kepler-construction,Kepler Construction,Durban South,true,false,directory_record,3,true,entity_type_review,manual_review
e142c77a-e31c-498c-ae41-d0b8f7e9e3fe,kevin-chetty,Kevin Chetty,PMB,true,false,directory_record,3,true,,retain_review
ff8dad45-60f4-4266-9eb9-0f20d639ad38,canpro-plumbing-and-maintenance-1,Canpro plumbing and maintenance ,Durban North,true,true,business_claimed,4,true,thin_description,manual_review
4b61fab1-23f5-4b96-98ff-78c308150227,s-t-g-development,S T G DEVELOPMENT (PTY) LTD,Durban North,true,true,business_claimed,5,true,,retain_review
83b282e5-a01a-4756-ba83-7cff7ec8c987,killo-power-plumber,Killo Power Plumber,Ballito,true,false,directory_record,2,false,missing_services|thin_description,manual_review
3ff213a0-9f69-41d0-a0e1-8a14257434c2,komani-projects,Komani Projects,Newcastle,true,false,directory_record,2,false,missing_services|thin_description,manual_review
8c02da80-2c82-486f-8580-326fe03d5fb9,konke-developments,Konke Developments,Durban South,true,false,directory_record,3,true,,retain_review
40f2b1aa-2e46-4eab-8851-8a771e759c70,konke-iqoqo,Konke Iqoqo,Durban North,true,false,directory_record,4,true,,retain_review
f73b82a5-1cad-4ccd-9f38-77e0d8d0f4d6,kp-engineering,KP Engineering,Durban South,true,false,directory_record,3,true,,retain_review
0ce1fe8d-d53d-42cb-9995-0545ec6208d0,krj-plumbers,Krj Plumbers,Durban North,true,false,directory_record,3,true,thin_description,manual_review
0668ecdc-7e8a-4dc0-8611-61d9344a992f,kwaj-investments,Kwaj Investments,PMB,true,false,directory_record,2,true,missing_services,manual_review
1b27bf2f-5f08-4207-845e-58542cd4a32b,kwami-group,Kwami Group,South Coast,true,false,directory_record,3,true,,retain_review
83960c57-2ed7-4b78-aafc-bc753a2df41e,kwenzamazwi-solutions,Kwenzamazwi Solutions,Newcastle,true,false,directory_record,3,true,,retain_review
e4a7ecf0-0f36-4c4f-b1e9-fffc16faeb5d,kwik-fire,Kwik Fire,Durban North,true,false,directory_record,4,true,,retain_review
ff85a73d-b412-4a46-9660-fd0f2c01b153,little-zee,Little Zee,Ballito,true,false,directory_record,2,true,missing_services,manual_review
d00d1f11-1ee8-4f43-9b0b-1cde8820533e,kzn-plumb-fix,KZN Plumb Fix,Durban North,true,false,directory_record,3,true,,retain_review
cf46d150-ba99-441f-8a2b-0f44e6430390,bhekinkosi-plumber,Bhekinkosi Plumber ,PMB,true,true,business_claimed,5,true,,retain_review
92ca0610-e774-4f15-9f6a-82ac57e30e83,linati-waga,Linati Waga,South Coast,true,true,business_claimed,5,true,,retain_review
2e90d5ac-3160-4a59-bb72-ae18f6a3d453,l-m-r-plumbing-electrical,L.M.R. Plumbing & Electrical,PMB,true,false,directory_record,1,true,missing_services|thin_description,manual_review
3744c7e2-50e1-4e7d-90df-1ef1b719858f,laminar-plumbing-experts,Laminar plumbing Experts,Richards Bay,true,false,directory_record,3,true,,retain_review
710c070f-f1f4-439c-aeac-04bc1980221f,lamington-projects,Lamington Projects,PMB,true,false,directory_record,4,true,,retain_review
4fd9ac72-e330-46fd-bbab-8569e241fdbb,lamiya-plumbers,Lamiya Plumbers,Durban South,true,false,directory_record,2,false,missing_services|thin_description,manual_review
04ad5c91-8784-4dd1-b365-4c5657c54a3c,lang-corp,Lang Corp,Durban North,true,false,directory_record,3,true,thin_description,manual_review
4a214554-a1fe-400a-9ed5-0755f2ebdd2f,lazamo-holdings,Lazamo Holdings,PMB,true,false,directory_record,3,true,missing_services,manual_review
25c89044-3bc3-4109-9e5f-06ffaa3aff81,lb-contractors,LB Contractors,South Coast,true,false,directory_record,3,true,thin_description,manual_review
d21d65d3-0cd8-4518-83b8-836acb71d91e,le-krish-enterprise,Le Krish Enterprise,Newcastle,true,false,directory_record,2,false,missing_services|thin_description,manual_review
df56998c-c26b-4ac0-924c-deb5b43907b5,lekelela-plumbing-and-maintenance,Lekelela Plumbing and Maintenance,Durban North,true,false,directory_record,2,true,thin_description,manual_review
97679aac-a9b5-4888-b268-c0647acee9cb,lemak-solutions,Lemak Solutions,Durban North,true,false,directory_record,4,true,,retain_review
3b7b5999-6a5a-4b47-9b02-eaa5e9ce0217,lens-plumbers,Lens Plumbers,Durban South,true,false,directory_record,2,true,missing_services|thin_description,manual_review
b5953562-1944-4352-aa47-f543894a90e6,lets-goo-grading,Lets Goo Grading,Durban North,true,false,directory_record,3,true,,retain_review
cc70ea0f-23b6-4429-bb98-1b0256a3b80a,lh-mafu-trading-enterprise,LH MAFU Trading Enterprise,Durban North,true,false,directory_record,2,true,missing_services|thin_description,manual_review
1d2aa5e8-304c-4f15-8c34-a78d01fc059b,libo-business-solutions,Libo Business Solutions,Durban North,true,false,directory_record,2,true,missing_services|thin_description,manual_review
ce6b68c0-7e11-4ef8-b0ab-8665989bda59,liquid-plumbing-and-construction,Liquid Plumbing and Construction,Durban North,true,false,directory_record,3,true,thin_description|entity_type_review,manual_review
fb6ae641-7de8-460e-ac1a-0675f40238b2,live-h20-projects,Live H20 Projects,Durban North,true,false,directory_record,4,true,,retain_review
5225a9c5-bc81-4388-9137-f10f00cde933,lizwilezwe-trading-enterprice,LIZWILEZWE TRADING ENTERPRICE,Durban North,true,false,directory_record,4,true,,retain_review
9b941fdb-5bf2-4f9d-be2a-9d5ce6e45e48,paint-and-pave,Paint and Pave,Durban North,true,false,directory_record,1,false,missing_services|thin_description,manual_review
3d1ce690-8ce4-4a90-bfe3-a2aa5aeb107f,dlangamandla-civils-maintenance,Dlangamandla Civils & Maintenance ,Durban North,true,true,business_claimed,4,true,,retain_review
72893437-1c4b-4444-8d61-4a0e4506fd20,lotus-civils-and-fire,Lotus Civils and Fire,Durban North,true,false,directory_record,4,true,,retain_review
2c8745a0-1413-4285-958f-38b6c48aef3d,lubambo-investments-t-a-lubambo-plumbing,Lubambo Investments T-A Lubambo Plumbing,Richards Bay,true,false,directory_record,3,true,thin_description,manual_review
94ced8d9-286d-4f97-91e2-cfb0539e9485,lubanzi-suppliers,Lubanzi Suppliers,Newcastle,true,false,directory_record,2,true,missing_services|thin_description,manual_review
6cfa2261-54bf-4e3b-98fa-4993cb920fac,lukmatt,Lukmatt,Richards Bay,true,false,directory_record,2,false,missing_services|thin_description,manual_review
77647775-15a8-4fe4-83ee-ffe69f13e0db,lmf-plumbers,LMF Plumbers,Durban North,true,true,business_claimed,3,true,missing_services|thin_description,manual_review
b8a1b396-56d3-452b-9ea9-507026084f9d,lvr-construction,LVR Construction,Durban North,true,false,directory_record,3,true,thin_description|entity_type_review,manual_review
0928b615-a3d8-44a7-81be-c75e65971f0e,m-and-l-civil-maintenance-plumbing-and-construction,M And L Civil Maintenance Plumbing and Construction,Richards Bay,true,false,directory_record,3,true,thin_description|entity_type_review,manual_review
eaa1541a-3ad6-4b00-995a-77853c12e3b7,m-smanga-trading-t-a-ms-plumbers,M Smanga Trading T-A MS Plumbers,Durban North,true,false,directory_record,4,true,,retain_review
5780a22f-79f6-4a41-a950-74379dc4bd73,mabhida-ss-trading-enterprise,Mabhida Ss Trading Enterprise,Durban North,true,false,directory_record,1,true,missing_services|thin_description,manual_review
dcb1bdc6-67de-4336-9b4e-86878ba7f728,mabune-consulting,Mabune Consulting,Durban North,true,false,directory_record,4,true,,retain_review
00449ac4-fdf1-4373-9cfd-116c71742b3a,macooms-services,Macooms Services,Richards Bay,true,false,directory_record,3,true,,retain_review
34689109-e55c-4471-91d2-e9e430503dc1,madlala-mxolisi-global-services,Madlala Mxolisi Global Services,PMB,true,false,directory_record,3,true,,retain_review
3a9cb603-9749-415c-9606-badac9e4d186,magnacorp-construction-services,Magnacorp Construction Services,Pinetown,true,false,directory_record,3,true,,retain_review
7b248069-06f4-41d1-b3e7-b44049d9eaaa,mighty-plumbers,Mighty Plumbers,Durban South,true,false,directory_record,3,true,thin_description,manual_review
ee54c000-305e-43c4-95bf-4c5902c1407c,majola-ottoman-trading,Majola Ottoman Trading,Newcastle,true,false,directory_record,3,true,,retain_review
47b54c35-40f7-42ce-a688-b4b8eb863eeb,majuba-services,Majuba Services,Newcastle,true,false,directory_record,2,true,missing_services,manual_review
6d20d774-9a3c-4e25-81f9-a59e3d52fe8b,makadebona-enterprise,Makadebona Enterprise,Durban South,true,false,directory_record,2,true,missing_services|thin_description,manual_review
3b13827f-a8dd-4629-b975-b30f1080d04f,malandela-construction-and-projects,Malandela Construction and Projects,South Coast,true,true,business_claimed,3,true,missing_services,manual_review
36cfd9c6-f883-4e51-a4ec-77fd998da6cb,makulu-innovations,Makulu Innovations,Ballito,true,false,directory_record,3,true,missing_services,manual_review
9cc2dbdb-17dd-4b44-9dcc-999525f9e9a8,mamantoa,Mamantoa,Pinetown,true,false,directory_record,3,true,,retain_review
b3a3fdf2-3fb0-42ea-8820-45b533995ada,mamba-plumbing-projects-and-service,Mamba Plumbing Projects and Service,Durban North,true,false,directory_record,4,true,,retain_review
bce449fd-77bf-4c24-90b5-1b3e1e0a955f,mangeleza-projects-and-sales,Mangeleza Projects and Sales,Durban South,true,false,directory_record,2,true,missing_services|thin_description,manual_review
7cd7a9ed-ace3-4080-baad-2bffe1aebbc2,manna-plumbers,Manna Plumbers,South Coast,true,false,directory_record,3,true,thin_description,manual_review
98a2ef45-494e-423f-87c0-39b2ce73d054,manzamnandi-plumbing,Manzamnandi Plumbing,Durban South,true,false,directory_record,2,false,missing_services|thin_description,manual_review
ec6a5f35-86e7-463a-9e8f-213e77485370,maphoyi-construction,Maphoyi Construction,Durban South,true,false,directory_record,2,true,missing_services|thin_description|entity_type_review,manual_review
b27855aa-640e-46f6-95cd-617fe855190e,maqunyela-plumbing-and-projects,Maqunyela Plumbing and Projects,Durban North,true,false,directory_record,2,true,missing_services,manual_review
5ee1c240-f76c-4c99-bd20-75d30323fc58,marnoch-group,Marnoch Group,Durban South,true,false,directory_record,3,true,,retain_review
acdca2f1-7bd2-4246-a2ab-581115693dcc,mashukumbela-holdings,Mashukumbela Holdings,Durban South,true,false,directory_record,3,true,thin_description,manual_review
a994f0c0-4717-455a-bf3d-b4cf073952d3,mashzebras,Mashzebras,Durban South,true,false,directory_record,2,true,missing_services,manual_review
5f540af7-65b5-4bb0-b6f6-2a00ddde9c9f,masifundisane-community-services,Masifundisane Community services,Ballito,true,false,directory_record,3,true,thin_description,manual_review
ed9221a1-17b3-42ec-9dc8-790bb0de2924,masindisiwe-projects,Masindisiwe Projects,Ballito,true,false,directory_record,3,true,,retain_review
78f0c5d9-6342-40fb-8182-cbae59dcf5bf,masphoso-projects,Masphoso Projects,Durban South,true,false,directory_record,3,true,missing_services,manual_review
73b56275-8ca4-4134-b78a-40c0813b5fa0,mathelefusane-construction,Mathelefusane Construction,Durban North,true,false,directory_record,2,true,missing_services|thin_description|entity_type_review,manual_review
ca1f2120-5c13-462f-bcae-89d77d8137ba,matilda-projects,Matilda Projects,Newcastle,true,false,directory_record,4,true,,retain_review
982a1229-caac-440c-bc3e-8d647e9dac13,fenner-trading-1,Fenner Trading ,Other KZN,true,true,business_claimed,3,true,thin_description,manual_review
bcbdf844-b8b7-4a97-b676-deeebf91f509,mce-plumbing,MCE Plumbing,Durban North,true,true,business_claimed,4,true,thin_description,manual_review
d81539a5-ce0d-42ad-8b2e-335192260222,mbazini-investment,Mbazini Investment,Other KZN,true,false,directory_record,2,true,missing_services,manual_review
ce1b9a80-93c9-4a9e-8254-d6a05ceedc2d,mbulazi-constrction,Mbulazi Constrction,Durban North,true,false,directory_record,4,true,,retain_review
d11b10f5-9335-4f9c-9d21-302e6bc9ae5c,mdeni-plumbers,Mdeni Plumbers,Durban North,true,false,directory_record,2,true,missing_services|thin_description,manual_review
c1b9be6e-0a0e-42d7-9866-3a04b4b34535,mcewen-plumbing-solutions,Mcewen Plumbing Solutions,PMB,true,true,business_claimed,5,true,,retain_review
50216638-1321-4f59-a106-439cbf98ee4e,massingue-multi-services,Massingue Multi Services,Richards Bay,true,true,business_claimed,3,true,missing_services|thin_description,manual_review
e621266c-ba73-4550-9b25-cf97f16f1e72,mduduzi-we-mpilo-trading,Mduduzi We Mpilo Trading,South Coast,true,false,directory_record,3,true,,retain_review
b73b1a2e-e9b6-4c69-ba6c-82a2ec5c7d5c,mduma-ntshani,Mduma Ntshani,Durban South,true,false,directory_record,3,true,thin_description,manual_review
e3c29211-a046-48af-b04a-d111ea39d424,menzi-h-trading,Menzi H Trading,Durban North,true,false,directory_record,2,true,thin_description,manual_review
3342f1ce-47a6-4875-9018-c724a2d1f305,mgeba-trading,Mgeba Trading,Durban South,true,false,directory_record,3,true,,retain_review
4d4b0d39-3dae-429a-b633-466349c90931,mhi-plumbers,Mhi Plumbers,Durban North,true,false,directory_record,2,true,thin_description,manual_review
10a99e7c-3afd-4086-bdb1-1d45863ed272,mhlemenzi-trading,Mhlemenzi Trading,Durban South,true,false,directory_record,2,true,thin_description,manual_review
b361fa70-d642-4c4e-82dd-45740886ca8f,mi-gas-and-plumbing-solutions,Mi-Gas and Plumbing Solutions,South Coast,true,false,directory_record,4,true,,retain_review
d8e0dc97-59e7-4fe2-9297-ee9ce9ebddde,mike-randall-plumbers,Mike Randall Plumbers,Pinetown,true,false,directory_record,1,false,missing_services|thin_description,manual_review
0c950dd7-63c3-43ba-9ab3-6d43f442d308,minspar-projects,Minspar Projects,Durban South,true,false,directory_record,3,true,,retain_review
607867bd-2a85-49b0-8d48-3c862e1203eb,mister-plunge,Mister Plunge,Durban South,true,false,directory_record,2,true,missing_services|thin_description,manual_review
cf16efcf-5866-407b-907d-609b6ef440cb,mix-it-plumbing-services,Mix It Plumbing Services,Durban North,true,false,directory_record,3,true,thin_description,manual_review
6cabd53d-6453-4bcc-ba93-ed616a159700,miya-ideal-plumbing-construction-and-refurbications,Miya Ideal Plumbing Construction and Refurbications,South Coast,true,false,directory_record,2,true,missing_services,manual_review
38f26ac1-0398-4c60-8610-b4beef48072d,mk-plumbing,MK Plumbing,Newcastle,true,false,directory_record,4,true,,retain_review
51736b38-a18d-4ef9-83d1-d80a978195a9,mkholwa-it-services,Mkholwa IT Services,PMB,true,false,directory_record,3,true,,retain_review
c18b3de6-93eb-4d4b-83c2-fbaf5647c764,hms-plumbing-1,HMS PLUMBING ,Other KZN,true,true,business_claimed,3,true,thin_description,manual_review
2fcbe958-3adc-43e0-94e8-7216c6152253,ml-plumbers,ML Plumbers,Other KZN,true,false,directory_record,4,true,,retain_review
2b315f93-0a84-4977-9cfc-bf9cf9b0bfcf,mln-contractors,MLN Contractors,Durban North,true,false,directory_record,4,true,,retain_review
14d9b421-cdca-47c7-9d75-eeaa2b73a3fa,mm-maintenance,MM Maintenance,Newcastle,true,false,directory_record,4,true,,retain_review
3d77cc77-5f5b-4dc3-b954-6d33e9fdd9ac,mn-projects-and-supplier,Mn Projects and Supplier,Durban North,true,false,directory_record,3,true,,retain_review
6f7050af-5d49-4fd0-96ae-c81481f74658,mnandingamondi-enterprises,Mnandingamondi Enterprises,Other KZN,true,false,directory_record,2,true,missing_services,manual_review
eb375a6c-3e37-44ca-bd3a-b1ce14a9f581,mmsd-and-consultant,MMSD and Consultant,Pinetown,true,true,business_claimed,3,true,missing_services|thin_description,manual_review
93222beb-c710-469b-93a9-13dc6938454e,minathi-plumbers,Minathi Plumbers,Richards Bay,true,true,business_claimed,3,true,missing_services|thin_description,manual_review
61b85c80-02b5-4596-a3e3-7f4d16ee7e51,montronet-plumbing-and-trading,Montronet Plumbing And Trading,Durban South,true,false,directory_record,2,true,missing_services|thin_description,manual_review
7f877bc8-d1c8-4f67-9954-55f44a83a596,morrison-construction,Morrison Construction,Durban North,true,false,directory_record,3,true,entity_type_review,manual_review
afd4e719-d1f9-4e84-ae70-540b76a28b92,mount-edgecombe-plumbers-and-drain-layers,Mount Edgecombe Plumbers and Drain Layers,Durban North,true,false,directory_record,3,true,,retain_review
d73ee408-5d84-461f-8916-2b547dd21e6e,hazyman-s-plumbers,HazyMan's Plumbers ,Durban North,true,true,business_claimed,3,true,missing_phone|thin_description,manual_review
75a61311-1e08-4e52-9402-d7df05d2521a,mpendulo-plumbing-and-renovation,Mpendulo Plumbing and Renovation,Newcastle,true,false,directory_record,3,true,,retain_review
389bf21e-b3e8-4b9c-a092-19a4eb7f569c,mr-dolphins-trading,Mr DOLPHINS Trading,Durban North,true,false,directory_record,3,true,,retain_review
34c22be6-824c-4133-b081-1a706a4f0dfc,mr-t-mbesa,Mr T Mbesa,Durban South,true,false,directory_record,2,true,missing_services,manual_review
81d2d940-347d-4d53-941d-3d27b0bd2cb2,msp-unlimited-solutions,MSP Unlimited Solutions,Richards Bay,true,false,directory_record,3,true,,retain_review
60b49036-55b5-483f-96a4-c90ee182f817,mswred-holdings,Mswred Holdings,Ballito,true,false,directory_record,3,true,,retain_review
b14c71c0-9162-4fb8-b59e-4af6e2debd78,mthembeniz-artisanal-projects,Mthembeniz Artisanal Projects,PMB,true,false,directory_record,3,true,,retain_review
ac254ea2-724d-4145-b916-7d96c93380b0,mthumeniplumbingsolution,mthumeniplumbingsolution,Richards Bay,true,false,directory_record,2,true,missing_services,manual_review
5e61f6e2-aa7e-4962-92a3-675b4bc5b3b4,myaloozer-engineering-and-construction,Myaloozer Engineering and Construction,Durban South,true,false,directory_record,3,true,entity_type_review,manual_review
0f180584-de5a-4278-bd86-cc08c445b415,myplumber,MyPlumber,Pinetown,true,false,directory_record,4,true,,retain_review
c0170731-ad3d-48dd-a7e3-c307f7d8b8d8,mr-exotic-plumbing-and-maintenance,Mr Exotic Plumbing And Maintenance,Durban North,true,true,business_claimed,4,true,thin_description,manual_review
6e52f1a6-f1b2-4f54-9233-f5d83d368f24,mzansigeneral-contractors,Mzansigeneral Contractors,Richards Bay,true,false,directory_record,3,true,missing_services,manual_review
81dbc03a-0f76-43ac-8f1f-cba60090813f,mzanzi-ldk-trading,Mzanzi Ldk Trading,South Coast,true,false,directory_record,2,false,missing_services|thin_description,manual_review
a7c53dca-f035-4581-a7ae-e69a3e355ae9,mzikaphoswa-plumbers,Mzikaphoswa Plumbers,Durban North,true,false,directory_record,3,true,,retain_review
c97b32e1-1f70-4f4b-ae88-0998c9138f99,mzungezwa-sc-trading,Mzungezwa SC Trading,PMB,true,false,directory_record,3,true,thin_description,manual_review
0203a136-acab-4c23-9b67-2c7dfdd9e384,nambiti-plumbers-and-builders,Nambiti Plumbers and Builders,Newcastle,true,false,directory_record,4,true,,retain_review
5192ec4f-1b5a-4ff7-88c3-70fef1bce883,nasisabukami-trading,Nasisabukami Trading,PMB,true,false,directory_record,4,true,,retain_review
486d8631-af44-4c17-afc8-013a9d3a52b9,nature-and-sons-construction,Nature And Sons Construction,Other KZN,true,false,directory_record,2,true,missing_services|thin_description|entity_type_review,manual_review
74b63ee9-3297-4129-b14e-2c1fe58818f2,handifellas,Handifellas,Other KZN,true,true,business_claimed,4,true,thin_description,manual_review
986a26ee-094f-445c-a99d-ed4413344340,ncali-trading,Ncali Trading,PMB,true,false,directory_record,3,true,,retain_review
e9c01a29-4fbf-408f-9261-85e4e9ace95b,neela-plumbers,NEELA Plumbers,Ballito,true,false,directory_record,3,true,thin_description,manual_review
4afd082f-3e29-4f48-bd9c-d29ab35cf271,new-adventures-trading,New Adventures Trading,Durban South,true,false,directory_record,4,true,,retain_review
417af740-4695-4689-8b8a-b3cc9fcf1656,new-horizon,New Horizon,Pinetown,true,false,directory_record,2,false,missing_services|thin_description,manual_review
04286db4-45fc-4129-a7da-402a06522b50,newcastle-empire-holdings,Newcastle Empire Holdings,Newcastle,true,false,directory_record,1,false,missing_services|thin_description,manual_review
ed823d41-51e6-446a-b87e-04c17d5ee0c0,ngamla-plumbing-and-services,Ngamla Plumbing and Services,Durban South,true,false,directory_record,2,false,missing_services|thin_description,manual_review
8e9d34f1-9421-47c1-b9ca-c200a8c4f95d,nginesifiso-trading-enterprise,Nginesifiso Trading Enterprise,Durban South,true,false,directory_record,2,true,missing_services,manual_review
170bdb0b-5d5c-4c95-b39b-5dfe5eb5a0d8,nhlakanipho-developments,Nhlakanipho Developments,Durban South,true,false,directory_record,2,true,missing_services,manual_review
ec24a086-f96f-46c5-847c-005971a7f5eb,nicaud-trading-12,Nicaud Trading 12,South Coast,true,false,directory_record,3,true,,retain_review
941eaeeb-fb73-49db-9289-cf06dc0add21,drain-away,Drain Away,South Coast,true,false,directory_record,1,true,missing_services|thin_description,manual_review
a3b191b5-8e08-4391-80a2-b61873038e9f,njabulo-siyabonga-trading,Njabulo Siyabonga Trading,Durban South,true,false,directory_record,2,true,missing_services,manual_review
20326e8e-89bf-4632-b92a-f292b92b7119,nm-plumbing-service,Nm Plumbing Service,Durban North,true,false,directory_record,4,true,,retain_review
c8e0f739-ef60-483f-9bd5-d732e2b61639,nokusonga-construction,Nokusonga Construction,Durban North,true,false,directory_record,3,true,entity_type_review,manual_review
e70e0575-ab34-497f-9d70-73ac4e393214,nolanga-trading-enterprise,Nolanga Trading Enterprise,Durban North,true,false,directory_record,2,false,missing_services|thin_description,manual_review
b9b05f40-d781-401a-a27b-bf328e3804fc,nomasulumane-trading-and-projects,Nomasulumane Trading and Projects,Newcastle,true,false,directory_record,2,true,missing_services,manual_review
538107a4-8a86-42a3-9c61-b22ec62f099d,north-coast-plumbing,North Coast Plumbing,Pinetown,true,false,directory_record,1,true,missing_services|thin_description,manual_review
0b8f6029-3679-430e-94c3-37dec2ff13c0,nsini-trading,Nsini Trading,Durban South,true,true,business_claimed,4,true,thin_description,manual_review
1b9c99a0-a9d9-49bc-8524-eb4974000a70,noxky,Noxky,Richards Bay,true,false,directory_record,2,true,missing_services,manual_review
75e90f25-0e94-4225-b14d-508bcee235c2,nqobajola,Nqobajola,Durban North,true,false,directory_record,2,true,thin_description,manual_review
663b6850-556f-4402-b3a0-7e67628cf682,nqobani-services,Nqobani services,Richards Bay,true,false,directory_record,1,true,missing_services|thin_description,manual_review
73fa8d40-5d0e-42f5-b4e2-f46363cd336a,nsd-plumbers,NSD Plumbers,Durban North,true,false,directory_record,3,true,thin_description,manual_review
28cf0a04-3f92-45dd-9739-5e5cc9adac8f,ntenhle-brands,Ntenhle Brands,Newcastle,true,false,directory_record,1,false,missing_services|thin_description,manual_review
8e9bc3a8-02bd-491c-86ef-b037421a1706,north-coast-plumbers,North Coast Plumbers ,Ballito,true,true,business_claimed,5,true,,retain_review
fbd056a7-c99f-4699-84ae-fce64f800a7f,nuenergy,NuEnergy,Pinetown,true,false,directory_record,2,true,missing_services|thin_description,manual_review
19846402-6cde-4db0-80e3-efff221371be,nzimbovu-projects-9303,Nzimbovu Projects 9303,PMB,true,false,directory_record,3,true,missing_services,manual_review
afe86239-b752-49a7-b7ea-67a332fc6659,oasis-plumbers,Oasis Plumbers,Pinetown,true,false,directory_record,2,true,missing_services,manual_review
bb73844b-5fa8-4453-aac7-7203fbd47065,olwethu-377,Olwethu 377,Newcastle,true,false,directory_record,2,true,missing_services,manual_review
ba1ca87c-27f8-4640-8b08-d479ed94848a,omar-plumbers,Omar Plumbers,Durban South,true,false,directory_record,2,false,missing_services|thin_description,manual_review
a81766cf-bd66-4026-b44f-84d745b9fa53,one-energy-northern-kzn,One Energy Northern KZN,Newcastle,true,false,directory_record,2,false,missing_services|thin_description,manual_review
93868b32-38af-429c-94ee-1e97bd2d0ac4,ottis-trading-and-projects,Ottis Trading and Projects,Durban South,true,false,directory_record,3,true,thin_description,manual_review
ad62568a-ed71-4ddc-8021-d550dda59d3b,p-r-g-plumbing,P R G Plumbing,Durban North,true,false,directory_record,3,true,,retain_review
2cf2f61e-0f8b-499b-b2a1-c38d8dc86d6e,p4-plumbing,P4 plumbing,Pinetown,true,false,directory_record,3,true,,retain_review
a3b8c5fa-5cac-4a3d-b59d-313e9bb04378,papuzi-construction-and-projects,Papuzi Construction and Projects,Other KZN,true,false,directory_record,3,true,,retain_review
49d63419-524f-4a9f-b398-ba71e94f88ee,patrick-plumbers,Patrick plumbers,Durban South,true,false,directory_record,3,true,,retain_review
7be94b40-1b31-4de7-8a81-5b68415816f7,jessfloplumbers-and-building-renovations,Jessfloplumbers and Building Renovations ,Durban North,true,true,business_claimed,3,true,missing_phone|thin_description,manual_review
fdcde655-f510-426e-8772-cd5f7e0c05ad,payav-plumbers-and-general-maintenance,Payav Plumbers and General Maintenance,Newcastle,true,false,directory_record,3,true,thin_description,manual_review
18a55539-f8cc-4e7a-aaea-2b47d025332a,pb-projects,PB Projects,Durban South,true,false,directory_record,3,true,thin_description,manual_review
fca1b80c-6ff1-4f7a-96a4-e81f8639bca1,pele-pele-investments,Pele Pele Investments,Richards Bay,true,false,directory_record,2,true,thin_description,manual_review
84bb170b-dfd3-4358-bd57-983982acf24b,pendle-plumbing-services,Pendle Plumbing Services,Durban North,true,false,directory_record,3,true,thin_description,manual_review
f96b5e9d-1c9f-4c29-a1e8-5109729c2d2e,phezulu-contractors,Phezulu Contractors,Durban North,true,false,directory_record,3,true,,retain_review
9edd5629-1701-403e-afa8-3dbe40741990,philani-world-classic-serice,Philani World Classic Serice,Other KZN,true,false,directory_record,1,false,missing_services|thin_description,manual_review
4e225e22-b405-4821-85cd-ac358ea27697,phumelela-plumbers-and-electrical-contractors,Phumelela plumbers and electrical contractors,Pinetown,true,false,directory_record,1,true,missing_services|thin_description,manual_review
128ba731-c6a2-4de5-87d8-a354a7ae32c2,phumulanis-plumbing-services-pps,Phumulanis Plumbing Services PPS,Richards Bay,true,false,directory_record,3,true,,retain_review
3057fc32-7d1e-4cc9-ad8b-146a209d9521,phuzanawe-plumbers,Phuzanawe Plumbers,Pinetown,true,false,directory_record,4,true,,retain_review
66243481-1cf4-4376-880c-58f6960c38aa,pilot-bumbing-and-beyond,Pilot bumbing and beyond,Durban North,true,false,directory_record,3,true,,retain_review
8f6b3581-bd86-4d9d-930c-3598c54e6aa8,pinnacle-plumbing-solutions,Pinnacle Plumbing Solutions,Durban North,true,false,directory_record,4,true,,retain_review
05d99504-c735-4a8f-aee5-202baacd4d85,pinpoint-kzn,Pinpoint KZN,Pinetown,true,false,directory_record,2,true,missing_services|thin_description,manual_review
c9fdf858-b63c-47b7-a350-aff393b4e497,pipe-experts-plumbing-services,Pipe Experts Plumbing Services,Ballito,true,false,directory_record,2,true,missing_services|thin_description,manual_review
de8816e9-3c71-4e48-b291-4c5f2cd76c18,pipes-plumbers,Pipes Plumbers,PMB,true,false,directory_record,2,true,missing_services|thin_description,manual_review
43377204-ac57-4290-9faa-85bea82ec21a,plumb-africa,Plumb Africa,Pinetown,true,false,directory_record,2,false,missing_services|thin_description,manual_review
b5016a2c-0ea8-4b15-98fe-fe8f7acab76a,plumb-elite,Plumb Elite,Durban South,true,false,directory_record,2,false,missing_services|thin_description,manual_review
cd7f48ca-3338-4753-b7cc-2021a9dd54c9,plumb-guarantee-kzn,Plumb Guarantee Kzn,Durban North,true,false,directory_record,1,true,missing_services|thin_description,manual_review
51f3ee14-0404-460a-a561-d0a6251a8cc4,plumb-mechanik-plumbing-maintenance-services,Plumb Mechanik Plumbing & Maintenance Services,PMB,true,false,directory_record,2,true,thin_description,manual_review
0ba8827a-1cbb-4ddb-ab19-ff7e0af3837f,j-and-tt-plumbers-civilworks-pty-ltd,J AND TT PLUMBERS & CIVILWORKS PTY LTD ,Durban South,true,true,business_claimed,4,true,thin_description,manual_review
580b0c69-3223-43f1-a04c-d0875306b93f,plumb-vision,Plumb Vision,South Coast,true,false,directory_record,2,false,missing_services|thin_description,manual_review
5c8df244-1114-4e18-b45f-916cf19b96cf,pipe-it-plumbers,Pipe it plumbers,Durban North,true,true,business_claimed,5,true,,retain_review
870af7ca-14df-4fe6-afbb-f2ee6de126b6,plumbedge-plumbers,Plumbedge Plumbers,Durban South,true,false,directory_record,4,true,,retain_review
58f42f89-ddee-427f-81b6-00c6872de2fe,plumbers-at-once,Plumbers At Once,Pinetown,true,false,directory_record,4,true,,retain_review
8181f3dc-b7d0-47e7-a1c7-e389a3306895,plumbex-plumbing-services,Plumbex Plumbing Services,Ballito,true,false,directory_record,3,true,thin_description,manual_review
ca7ef78c-32f6-446b-853c-41777297fcd6,plumbflow-durban,Plumbflow Durban,Durban North,true,false,directory_record,4,true,,retain_review
17ab5cad-38bc-465e-9c3f-adc2a916a68c,25-seven-assist-pty-ltd,25 Seven Assist Pty Ltd,Durban North,true,true,business_claimed,4,true,,retain_review
250f8c39-a208-4eeb-960d-e942e1bbb5fc,plumbmeister,PlumbMeister,Pinetown,true,false,directory_record,3,true,,retain_review
76aaaa93-d2ce-4943-a380-c37f858229ae,plumperfect,PlumPerfect,Durban North,true,false,directory_record,4,true,,retain_review
7cffadf4-d3be-415c-97fd-91702128627c,pmb-plumbers,PMB Plumbers,PMB,true,false,directory_record,1,false,missing_services|thin_description,manual_review
5ac5d63f-a700-43d6-ab0e-f8feb5aa6269,pmb-plumbing-and-gas,PMB Plumbing And Gas,PMB,true,false,directory_record,4,true,,retain_review
8f136f69-80fd-491d-9f5a-164cd583cc78,posh-plumbers-and-renovation,Posh Plumbers and Renovation,Pinetown,true,false,directory_record,3,true,thin_description,manual_review
135f2fe9-ca3d-4eb4-b7fd-9b087d48dcb8,potential-trading,Potential Trading,Richards Bay,true,false,directory_record,3,true,,retain_review
d69a7de2-f784-44ba-8cb5-4c4e514d8056,powermax-energy-projects,Powermax Energy Projects,Durban North,true,false,directory_record,4,true,,retain_review
6ea64038-5a57-4284-9ef8-5ea01d8be105,pp-construction,PP Construction,Newcastle,true,false,directory_record,1,false,missing_services|thin_description|entity_type_review,manual_review
a766bf47-23b9-40ca-a0fe-6ee4c5ddf405,preferred-plumbing,Preferred Plumbing,Other KZN,true,false,directory_record,2,false,missing_services|thin_description,manual_review
a5970d72-5f3e-4610-8440-c58a13e35ecb,princess-plumbing,Princess plumbing,Durban North,true,false,directory_record,3,true,,retain_review
2bbbeba9-91b9-40c5-a2a4-d9aa00c91ff4,prinsloo-plumbing,Prinsloo Plumbing,South Coast,true,false,directory_record,3,true,,retain_review
4f0dc781-387c-4d60-910c-c285abe17c8a,protege-holdings,Protege Holdings,Durban North,true,false,directory_record,2,true,missing_services,manual_review
30858b98-9d1f-4d75-bce2-36977f6f2e0a,ptk-plumbers,PTK Plumbers,Durban North,true,false,directory_record,2,true,missing_services|thin_description,manual_review
ce76ff4c-ef72-427f-8417-a9d748cb2d8f,qalathina-construction,Qalathina Construction,Durban South,true,false,directory_record,4,true,entity_type_review,manual_review
104dca66-bb75-4dc6-9505-75f9eab088cd,quanden-plumbing-and-projects,Quanden Plumbing and Projects,Pinetown,true,false,directory_record,3,true,,retain_review
ca552ef9-f6f0-4830-9b93-276518149de3,r-b-plumbing-maintenance,R & B Plumbing & Maintenance,Richards Bay,true,false,directory_record,3,true,thin_description,manual_review
2728b6e7-f41a-445c-96d7-59d1cb651f52,r-b-plumbing-maintenance-1,R & B Plumbing / Maintenance,Richards Bay,true,false,directory_record,3,true,thin_description,manual_review
53fa1e34-8481-41c9-847a-c363d822a4d8,kzn-plumb-fix-1,KZN Plumb Fix,Pinetown,true,true,business_claimed,3,true,thin_description,manual_review
62462e5e-3a8b-49fe-b96b-06b6ba0da175,randles2018-investments-t-a-bennys-plumbers,Randles2018 investments T-A Bennys Plumbers,Pinetown,true,false,directory_record,3,true,,retain_review
e83fb9ef-66ad-4d8a-9c8a-0c513fbf6cf3,re-ark,Re Ark,Pinetown,true,false,directory_record,2,true,missing_services,manual_review
d137aef4-fed3-4022-9c40-8ec813182d3a,realtime-trading-and-projects,Realtime Trading and projects,Durban South,true,false,directory_record,2,true,missing_services,manual_review
a8e15ced-9aa7-4641-84ee-253643f2b973,reese-plumbers-and-maintenance,Reese Plumbers And Maintenance,Durban South,true,false,directory_record,4,true,,retain_review
190b7cfb-e402-4d07-bf82-16728ed5224f,renco-projects,Renco Projects,Durban North,true,false,directory_record,3,true,,retain_review
61282d68-9482-4e7a-b918-71b814fd7fe2,renewable-plumbing,Renewable Plumbing,Ballito,true,false,directory_record,2,true,missing_services|thin_description,manual_review
c69ac5cd-16dc-4adc-afea-b4aee01c9062,renu-holdings,Renu Holdings,Pinetown,true,false,directory_record,2,false,missing_services|thin_description,manual_review
228e9645-b437-43a1-a54f-c1994766bd2e,renu-solar,Renu Solar,Pinetown,true,false,directory_record,1,true,missing_services|thin_description,manual_review
fbdaf1eb-0422-4590-a468-945f2364f071,pse-development-initiatives,PSE Development Initiatives,Ballito,true,false,directory_record,2,false,missing_services|generated_template_description,manual_review
fe32a6fe-d2ba-4c72-ad3e-2acb583e30a3,plumbing-solutions,Plumbing Solutions,Durban North,true,false,directory_record,3,true,missing_services,manual_review
c4dcf2b3-f248-454b-890d-eaba0a69a568,retail-store-aid,Retail Store Aid,PMB,true,false,directory_record,1,true,missing_services|thin_description,manual_review
ee8e2f63-8ed5-4e87-8555-296f8d40c3c0,rg-plumbers,RG Plumbers,Durban North,true,false,directory_record,3,true,,retain_review
6f7a1a0f-1ddf-4879-8b9e-c0c753cc2973,acorn-projects-plumbing,Acorn Projects Plumbing,Pinetown,true,true,business_claimed,2,true,missing_phone|thin_description,manual_review
51eb6ea4-75f9-4bb9-b1b4-5af7fc860e6c,rh-construction-trading,RH Construction & Trading,Newcastle,true,false,directory_record,1,false,missing_services|thin_description,manual_review
5805019f-c8d7-4498-8590-e242dcd26936,rhema-rehoboth-projects,Rhema Rehoboth Projects,Durban South,true,false,directory_record,4,true,,retain_review
f717c630-3c00-4fea-bcf4-d3cb130225fc,rhino-plumbing-and-maintenance,Rhino Plumbing and Maintenance,Richards Bay,true,false,directory_record,2,true,thin_description,manual_review
645e075d-9d0d-46c3-a065-e62734c47c2b,beach-plumbing-services,Beach Plumbing Services,Other KZN,true,false,directory_record,3,true,,retain_review
b6479a42-c77d-431e-9469-bdba6ac646af,ribisi-legacy,Ribisi legacy,Durban South,true,false,directory_record,3,true,,retain_review
a9b2d39b-cd07-4306-bac4-c7fca47f4c6a,richard-special-projects,Richard Special Projects,Durban South,true,false,directory_record,3,true,,retain_review
e501bf7d-7dcf-4101-9f39-fa528f5811b9,ricinz-constructions,Ricinz Constructions,Durban North,true,false,directory_record,3,true,thin_description,manual_review
544157c9-0a88-4fa0-9312-6d944ff6a1b2,ridl-constrution,Ridl Constrution,PMB,true,false,directory_record,2,false,missing_services|thin_description,manual_review
c4c89590-4966-4f4d-b77a-4ac12e047840,ridwaan-shaik-plumbing-and-consulting,Ridwaan Shaik Plumbing and Consulting,Durban North,true,false,directory_record,4,true,,retain_review
76508d76-9734-4fdc-9bfd-c76b8e31ef94,right-way-plumbing,Right Way Plumbing,Durban North,true,false,directory_record,2,false,missing_services|thin_description,manual_review
631da32d-9f91-4938-bd9d-4022af9f5ca2,rigorous-project,Rigorous Project,Richards Bay,true,false,directory_record,3,true,,retain_review
8ceb06bc-7a18-4469-af46-3b328a579bd8,rivout-plumbing,Rivout Plumbing,Ballito,true,false,directory_record,3,true,,retain_review
8fa29402-1405-47a0-92ce-f377ff307371,rna-maintenance-and-fire-protection-services,RNA Maintenance and Fire Protection Services,Durban North,true,false,directory_record,4,true,,retain_review
0954f6cb-b36b-49c2-b7f7-c51bd7dc2bde,plumbguarantee-kzn,PlumbGuarantee KZN,Pinetown,true,false,directory_record,2,true,missing_services|thin_description,manual_review
e1bcf670-bdb8-4ed6-9a75-9766ebd1f233,rockhard-group,Rockhard Group,Durban North,true,false,directory_record,2,true,missing_services|thin_description,manual_review
5b6bde76-5ed1-4767-9e32-35b6b338ccd7,rockwell-plumbers,Rockwell Plumbers,Richards Bay,true,false,directory_record,3,true,thin_description,manual_review
28aa3a16-439a-4500-ba8d-fc10e6ffdd1f,rolling-stone-plumbing,Rolling Stone Plumbing,Durban South,true,false,directory_record,4,true,,retain_review
de5d41e6-ba2d-4756-90b3-8155b3d765a8,roots-plumbing,Roots Plumbing,Ballito,true,false,directory_record,3,true,missing_services,manual_review
4a791c45-cc97-4c5d-96d8-9a982ba196f0,rove-plumbers,Rove Plumbers,Ballito,true,false,directory_record,2,true,thin_description,manual_review
77f6847f-d8ba-4972-8759-06de0cfed025,k-e-plumbing-building-maintenance,"K.E Plumbing , Building & Maintenance ",Other KZN,true,true,business_claimed,4,true,thin_description,manual_review
ce3c3476-6419-40a4-86a1-c52dd3eafad5,rsa-plumbers-cc-t-a-plumbing-doctor,RSA Plumbers cc t-a Plumbing Doctor,Durban North,true,false,directory_record,4,true,,retain_review
bf5703b4-fb7a-4bdc-89eb-5e6998cec82d,russel-robinson-plumbers,Russel Robinson Plumbers,Durban South,true,false,directory_record,2,true,missing_services|thin_description,manual_review
745b8f3d-09d2-4542-a8e3-d2d4173269d7,rutherford-plumbing,Rutherford Plumbing,Durban North,true,false,directory_record,2,true,missing_services|thin_description,manual_review
7d234f7a-1d44-41e4-8da9-560b473f5847,rr-plumbing-services,Rr Plumbing Services,Durban North,true,true,business_claimed,5,true,,retain_review
146ba1a9-c2d5-4372-bc0d-8b908fbe43a7,ryans-plumbing-and-maintenance,Ryans Plumbing and Maintenance,Durban South,true,false,directory_record,3,true,,retain_review
db0f1d95-e74a-4025-a8d0-e8370f24eaf6,s-and-s-projects-and-sales,S and S Projects and Sales,Richards Bay,true,false,directory_record,3,true,,retain_review
4e69f635-134d-49d8-af1e-35f732628e47,s-r-plumbing-and-civils,S-R Plumbing and Civils,Richards Bay,true,false,directory_record,4,true,,retain_review
30f2f93e-c0b5-4c49-adfb-eb2ae15ef156,sade-plumbing-and-general-maintenance,Sade Plumbing and General Maintenance,Durban South,true,false,directory_record,2,true,thin_description,manual_review
9cb0fbe5-5ca2-4687-8979-1947b0cbb6f3,sai-era-projects,Sai Era Projects,Durban North,true,false,directory_record,2,true,missing_services,manual_review
d9d67a0d-227b-4e7a-ba85-b60e83c6eb32,salusuomphile-entity,Salusuomphile Entity,Ballito,true,false,directory_record,2,true,missing_services,manual_review
6ece6f92-22c5-44c2-bc52-ac8342f448e7,sanab-projects,SANAB Projects,Newcastle,true,false,directory_record,3,true,,retain_review
f718fd07-979b-4156-89ab-3d089ba00bc4,sanjax-building-projects,Sanjax Building Projects,Newcastle,true,false,directory_record,2,false,missing_services|thin_description,manual_review
ebdc9851-cbc0-4960-9568-a178f1474c50,sasmer-group,Sasmer Group,Durban North,true,false,directory_record,2,true,missing_services,manual_review
f8b9d8c2-e403-4be1-a005-76b3a79042f0,savanna-developments,Savanna Developments,Durban North,true,false,directory_record,2,false,missing_services|thin_description,manual_review
c3fb6d2a-ad54-41df-8fa2-c4931e099e2a,savusavu,Savusavu,Durban South,true,false,directory_record,3,true,,retain_review
fe4cd78b-321c-4d2d-a968-f965a1a8a9f6,hlangalezwe-contractors-pty-ltd,Hlangalezwe Contractors (Pty) Ltd ,Durban North,true,true,business_claimed,3,true,missing_phone|thin_description,manual_review
0a0086a2-68fb-43dc-bb01-9d92a16f60b4,sbindisengwenya,Sbindisengwenya,Other KZN,true,false,directory_record,3,true,,retain_review
af6cc17e-c761-4d9e-aec2-79450c95d168,schneider-plumbing,Schneider Plumbing,Pinetown,true,false,directory_record,3,true,thin_description,manual_review
0277773c-1155-48d3-a920-1806e065707e,sdr-plumbing,SDR Plumbing,PMB,true,false,directory_record,2,true,missing_services|thin_description,manual_review
d6824271-0e64-4ce8-99a0-ab94adcf4bf3,sebongelani-cleaning-construction,Sebongelani Cleaning & Construction,Pinetown,true,false,directory_record,2,true,thin_description|entity_type_review,manual_review
42871fe9-67fe-4ae8-94c6-8f5e20ce07ff,sediba-df-plumber,Sediba DF Plumber,PMB,true,false,directory_record,2,false,missing_services|thin_description,manual_review
571c23df-109a-4161-af65-aac7de42d273,seedan-plumbers,Seedan Plumbers,Durban North,true,false,directory_record,2,false,missing_services|thin_description,manual_review
a62b46f7-77c4-4a59-92b7-3f897b805556,selewa-construction,Selewa Construction,Durban South,true,false,directory_record,2,false,missing_services|thin_description|entity_type_review,manual_review
e2f2a658-815a-4dd4-a9bb-c88e92f9129a,seniournation,Seniournation,Pinetown,true,false,directory_record,2,true,missing_services,manual_review
e5f155b5-236c-44fe-98e5-303ec58b5ccf,septic-tank-services,Septic Tank Services,Pinetown,true,false,directory_record,4,true,,retain_review
970ccaaf-51e1-445f-a471-3efaee589c8e,setsebi-construction,Setsebi Construction,Durban North,true,false,directory_record,4,true,entity_type_review,manual_review
4ce128e4-dc39-4068-841e-9d7a6707b351,sficee-plumbers,SFICEE Plumbers,Other KZN,true,false,directory_record,4,true,,retain_review
0b376949-0e4e-443e-9596-d2b6eb60e802,shaigo,ShaiGo,Durban South,true,false,directory_record,1,true,missing_services|thin_description,manual_review
f98555f2-c1e8-44ad-8da1-8b93922f0265,shaun-naik-plumbing-works,Shaun Naik Plumbing Works,Durban North,true,false,directory_record,2,false,missing_services|thin_description,manual_review
7d7b362d-b95b-4698-aee9-8666774ebb22,shawane-construction,shawane construction,South Coast,true,false,directory_record,3,true,entity_type_review,manual_review
b14035da-ac5f-43e9-b6e0-9220728c066d,shersho-projects,Shersho Projects,Durban North,true,false,directory_record,2,true,missing_services,manual_review
2130c05b-7ccb-4c56-aa2a-a85b8b8275c0,shorty-plumbers-and-contration,Shorty Plumbers and Contration,PMB,true,true,business_claimed,2,true,missing_services|thin_description,manual_review
b73b60db-2eda-472f-989f-80ea7396c7d8,siamlwa-company,Siamlwa Company,Durban South,true,true,business_claimed,3,true,missing_services,manual_review
19b76eb1-e852-4c0d-9efe-a35febe3e2c9,simply-bathrooms,Simply Bathrooms,Durban South,true,false,directory_record,2,true,missing_services,manual_review
1a61555e-ba1f-4b02-8534-53edc549ffc6,siya-siza-holdings,Siya siza Holdings,Durban North,true,true,business_claimed,4,true,,retain_review
efbd2f9b-3c19-4bf2-9ea5-132db8cc95a1,sinekhona-retail-solutions,Sinekhona Retail Solutions,Newcastle,true,false,directory_record,3,true,,retain_review
98e5cc9a-9d13-4fdb-b3af-b039a604a9ce,sinzik-trading,Sinzik Trading,Richards Bay,true,false,directory_record,3,true,,retain_review
fcf829d3-e704-4293-9371-6047be52264d,shusha-plumbing-civils,Shusha Plumbing & Civils,Durban South,true,true,business_claimed,4,true,thin_description,manual_review
1ef6dc34-7c1a-4736-a47e-fd431f361ae3,smakuhle-development,Smakuhle Development,Durban South,true,true,business_claimed,3,true,missing_services|thin_description,manual_review
6f9ebdea-1ad7-4e70-af37-b0922a40fcae,siyakhandisa-projects,Siyakhandisa Projects,Durban North,true,false,directory_record,3,true,thin_description,manual_review
39bb9579-722b-421c-b936-f9e34fd16409,sizabantu-plumbers-and-contractors,Sizabantu Plumbers and Contractors,Ballito,true,false,directory_record,4,true,,retain_review
67257ab4-6f22-494c-a73f-7fbdeb2e31f4,sizabantu-plumbing-and-maintenance,Sizabantu Plumbing And Maintenance,Durban North,true,false,directory_record,4,true,,retain_review
dcee142c-688c-48a4-9ebd-80df0aa3d83e,sizananiniphakamisane-trading,Sizananiniphakamisane trading,Durban South,true,false,directory_record,2,true,missing_services,manual_review
40efb304-4421-4763-ad54-3b9ee70e25f3,sls-business-trading,SLS Business Trading,Ballito,true,false,directory_record,4,true,,retain_review
861d7714-dc3c-4703-9236-882107dad939,snf-plumbers,SNF Plumbers,Pinetown,true,false,directory_record,4,true,,retain_review
ebaf4933-33bf-4e03-91ac-35b518dd55df,sohluma-trading-and-projects,Sohluma Trading and Projects,Durban North,true,false,directory_record,4,true,,retain_review
28e066ef-d8f3-4597-84a2-2ed3562d1110,031-gas-plumb,031 Gas Plumb,Pinetown,true,false,directory_record,4,true,,retain_review
43de9886-e1d8-454d-8064-f6b50e86535d,solgey,Solgey,Ballito,true,false,directory_record,4,true,,retain_review
5a3f6cf0-9182-463a-ba01-7bc94b8c8991,solwazi-plumbers,Solwazi plumbers,Durban South,true,false,directory_record,3,true,,retain_review
e2adbb9e-4bd6-4b54-bf6c-4793b3fb3cc4,somkhe-construction-and-property-developers,Somkhe Construction And Property Developers,Newcastle,true,false,directory_record,3,true,,retain_review
61a826fb-415a-4cc6-9a85-3369ca69c635,south-african-professional-plumber,South African Professional Plumber,PMB,true,false,directory_record,2,true,missing_services|thin_description,manual_review
21a52f48-a25f-4395-a4ce-78b3326951c8,south-coast-plumbers,South Coast Plumbers,Durban South,true,false,directory_record,2,true,missing_services|thin_description,manual_review
27710531-7125-4b8f-a4ed-b7a6e30cbf6b,south-coast-plumbing-and-maintenance,South Coast Plumbing And Maintenance,Durban South,true,false,directory_record,4,true,,retain_review
dcc1ffdb-bb81-4d9e-a508-c251fe3dccfb,southern-engineering-consulting-and-supplies,Southern Engineering Consulting and Supplies,Ballito,true,false,directory_record,2,true,missing_services,manual_review
7201e9bb-5d20-4d12-9ee4-2f097264976a,speedfit-africa,Speedfit Africa,Durban North,true,false,directory_record,1,true,missing_services|thin_description,manual_review
e22945dc-6cc3-4635-8145-c88e8794e907,square-circle-plumbing,Square Circle Plumbing,Durban North,true,false,directory_record,4,true,,retain_review
013a7d24-e602-4da9-8e77-fe4f363b4626,squere-trading-enterprise,Squere Trading Enterprise,Durban North,true,false,directory_record,4,true,,retain_review
6ea9784e-b03d-40f5-9573-27d28b616036,star-plumbers,Star Plumbers,Durban South,true,false,directory_record,3,true,thin_description,manual_review
af12ba32-6ad3-4e4c-8d74-4e29b89cc99c,starlite-property-maintenance,Starlite Property Maintenance,Durban North,true,false,directory_record,2,true,thin_description,manual_review
83a727d2-f2be-410d-9098-518cedaed5ad,steve-well-plumbing-construction-services,Steve Well Plumbing &Construction Services,Pinetown,true,false,directory_record,4,true,,retain_review
10f3c341-031f-4f89-a6d6-ea6ec49df750,live-h2o-projects-pty-ltd,Live H2o PROJECTS (Pty) Ltd,Durban North,true,true,business_claimed,4,true,thin_description,manual_review
ec1db40c-1029-4c95-a7ef-e507ba004862,stone-cc-plumber,Stone cc plumber,PMB,true,false,directory_record,3,true,thin_description,manual_review
fac0cd12-dbc5-457a-a521-090500cf3fed,stone-cc-trading-enterprise,Stone cc Trading Enterprise,PMB,true,false,directory_record,2,true,missing_services,manual_review
f65dd56a-f8ca-4927-8b38-9f674fd72a04,straight-line-plumbing,Straight Line Plumbing,PMB,true,false,directory_record,4,true,,retain_review
651e2d66-9121-482b-babc-4271282f8eec,straightedge-plumbing,Straightedge Plumbing,PMB,true,false,directory_record,4,true,,retain_review
b739ec9a-41b9-4b7b-8994-b33d36eb5744,slr-projects,SLR Projects,Durban South,true,false,directory_record,3,true,missing_services,manual_review
318da484-cbce-4390-badd-1ad4c60461b6,studio-ideate,Studio Ideate,Durban South,true,false,directory_record,3,true,missing_services,manual_review
b4f008a0-a0a2-4fd2-8e13-7549c8b87422,stumaster-plumbing-projects,Stumaster Plumbing Projects,Pinetown,true,false,directory_record,2,true,missing_services|thin_description,manual_review
71e49177-1aba-42f7-aa69-8aa8fa5803bb,suncoast-casino,Suncoast Casino,Durban North,true,false,directory_record,2,true,missing_services|thin_description,manual_review
83f05df0-afd4-46a8-b988-59074ba75f7f,suncoast-plumbers,Suncoast Plumbers,Durban North,true,false,directory_record,3,true,thin_description,manual_review
7c63c383-69f6-43c5-82c7-16b10146d029,sureflow-plumbing-and-maintenance,SureFlow Plumbing and Maintenance,Pinetown,true,false,directory_record,4,true,,retain_review
306e5f90-bfc5-4a94-8d01-71684d0e17d0,suremax-investment,Suremax investment,Durban South,true,false,directory_record,3,true,,retain_review
82c24855-f3d9-4967-93ad-7556c90f698d,suryaa-enterprises,Suryaa Enterprises,Durban North,true,false,directory_record,3,true,,retain_review
d09583d9-d4b8-4706-b9a7-a8a5d91adb0a,sv-holdings-group,SV Holdings Group,Durban North,true,false,directory_record,3,true,,retain_review
36d2defb-a33f-4405-bd89-b9c578e340e3,syamini69-trading-enterprise,Syamini69 Trading Enterprise,Durban North,true,false,directory_record,3,true,,retain_review
1d611641-2383-496e-89af-472daa2c916b,mpumi,Mpumi ,Durban South,true,true,business_claimed,2,true,missing_phone|thin_description,manual_review
501a755e-171c-4c98-aa8b-fb410c186031,t-and-s-plumbing,T and S Plumbing,Durban South,true,false,directory_record,2,true,missing_services|thin_description,manual_review
69636162-435f-4b3b-9da8-3e98b9d560f4,t-s-plumbing,T.S Plumbing,PMB,true,false,directory_record,1,false,missing_services|thin_description,manual_review
14b0f1aa-b48a-419f-bc56-138eb508c678,talbot-group,Talbot Group,PMB,true,false,directory_record,2,true,missing_services,manual_review
1a798bcb-d486-4108-b1ac-76c45eba4578,taptite-plumbers,Taptite Plumbers,Richards Bay,true,false,directory_record,4,true,,retain_review
89632dd6-dfff-40a2-9ac3-10a45ba1fefa,tash-security-systems,Tash Security Systems,PMB,true,false,directory_record,3,true,,retain_review
75f67c46-0c62-4166-ae9e-158e881a9409,team-nature-plumbing,Team Nature Plumbing,Ballito,true,false,directory_record,2,true,missing_services|thin_description,manual_review
1ad12c0c-0386-49b8-b745-ab0f1f98f130,tekmation-training-institute,Tekmation Training Institute,Durban South,true,false,directory_record,2,true,missing_services,manual_review
16f7e3a5-62fd-4bec-8f28-ea6cfd96d4e0,the-boss-group-holdings,The Boss Group Holdings,Durban North,true,false,directory_record,4,true,,retain_review
7f1f5cd8-88dc-490d-9e01-73efe07e18dd,the-business-zone-611,The Business Zone 611,Durban North,true,false,directory_record,4,true,,retain_review
173d0aa8-d8e7-427f-b10c-6ea1353cf703,the-business-zone-659,The Business Zone 659,Richards Bay,true,false,directory_record,4,true,,retain_review
973b6f5c-05dc-4dd7-b9a4-c6cc8afb2f0f,the-curve-behind-trading-224,The Curve Behind Trading 224,Durban South,true,false,directory_record,4,true,,retain_review
16915d83-6509-41f3-8953-2e641bf7edeb,the-drain-surgeon-durban,The Drain Surgeon (Durban),Durban North,true,false,directory_record,1,true,missing_services|thin_description,manual_review
e8a17aa0-5ccc-4381-8a34-77287a49aedc,thembalamanguse-holdings,Thembalamanguse Holdings,Durban North,true,false,directory_record,4,true,,retain_review
97dd3ab7-67cc-40b8-a2ef-0258563087d5,theos-charis-enterprises,Theos Charis Enterprises,South Coast,true,false,directory_record,2,true,missing_services|thin_description,manual_review
4523b34c-349d-4513-b403-ea341c2ebfa1,theplumbingman,Theplumbingman,Durban North,true,false,directory_record,4,true,,retain_review
22c63d86-9288-431a-ad61-b8be86ec6338,sipho-plumbing-solutions-1,Sipho plumbing solutions ,Durban South,true,true,business_claimed,4,true,thin_description,manual_review
5f9b2409-d0b8-4c71-907c-dccf6f8e4c52,thomasdorf-plumbing,Thomasdorf Plumbing,Durban North,true,false,directory_record,4,true,,retain_review
f49f0d0b-a234-4dc2-8c5d-1eb1a6fd5064,thynk-h2o,Thynk H2o,Pinetown,true,false,directory_record,3,true,thin_description,manual_review
0671a24d-4b7f-4d9c-b247-6fe043ff3be2,titan-plumbers,Titan Plumbers,Durban North,true,false,directory_record,4,true,,retain_review
9216a3d6-1ca4-47df-a447-148eb453a0ad,tj-plumbing-and-construction,TJ Plumbing and Construction,Durban North,true,false,directory_record,2,false,missing_services|thin_description|entity_type_review,manual_review
c874fec2-3351-4e0c-9705-968a80cff2de,tj-plumbing-services,TJ Plumbing Services,Durban South,true,false,directory_record,3,true,,retain_review
c97fb50d-1bfa-4c0a-88ff-b2063fa84894,tlou-investment-group,Tlou Investment Group,Newcastle,true,false,directory_record,3,true,missing_services,manual_review
a3a2805d-1a3c-4385-bbff-054d098db2fb,togu-projects-and-consulting,Togu Projects and Consulting,Durban North,true,false,directory_record,2,true,missing_services|thin_description,manual_review
e9468de5-b1f0-457d-8360-a713c51fbce1,tony-s-plumbing-and-drains,Tony's Plumbing and Drains,PMB,true,false,directory_record,1,true,missing_services|thin_description,manual_review
96b31a35-48b8-4a70-8491-f4b3be5eee87,tottenham-plumbing-and-projects,Tottenham Plumbing And Projects,Ballito,true,false,directory_record,2,true,missing_services,manual_review
32a751c3-cfc6-44c7-b104-f19a63291f57,profile-property-construction-and-development,Profile Property Construction and Development,PMB,true,false,directory_record,3,true,missing_services,manual_review
1fc7f4eb-5708-4b35-9027-0de33134061d,trailblazer-plumbing-solutions,Trailblazer Plumbing Solutions,Durban North,true,false,directory_record,4,true,,retain_review
ea6e13ad-cea0-40c6-a887-d6d55f95c24f,trega-solutions,Trega Solutions,Newcastle,true,false,directory_record,2,true,missing_services,manual_review
c8a74db9-a3fe-4a11-ac9d-0af3f70b660f,university-of-kwa-zulu-natal,University of Kwa-Zulu Natal,PMB,true,false,directory_record,2,true,missing_services|thin_description,manual_review
b0f1da50-4410-48bb-8f94-85c130dcd6a3,trinity-24hr-assist,Trinity 24hr Assist,Durban North,true,false,directory_record,3,true,,retain_review
c2e3b91a-2205-4eac-8f5c-33294d7848a1,triple-v-and-s-holdings,Triple V and S Holdings,Durban South,true,false,directory_record,2,false,missing_services|thin_description,manual_review
9a416771-b893-4882-85eb-d6f7510251bd,trisat-and-maintenance-services,Trisat and Maintenance Services,South Coast,true,false,directory_record,3,true,,retain_review
588bad61-9f33-4c20-b6fa-40dbaf5902ce,tromp-plumbers,Tromp Plumbers,PMB,true,false,directory_record,2,false,missing_services|thin_description,manual_review
59eb8b7f-e542-40a9-bd36-cb41008c6d9a,tskhali-plumbing,Tskhali Plumbing,South Coast,true,false,directory_record,3,true,,retain_review
ec745804-85d3-4a7f-8c80-6b46ba7a3a9f,bathopele-construction,Bathopele Construction,Durban North,true,false,directory_record,2,false,missing_services|thin_description|entity_type_review,manual_review
d076d378-f3d0-4205-90d9-79041342dfc1,malandela-construction,Malandela Construction ,Other KZN,true,true,business_claimed,3,true,missing_phone|thin_description|entity_type_review,manual_review
a5613683-ae08-47b4-9b22-727ad85b4710,turbomax-33,Turbomax 33,Richards Bay,true,false,directory_record,3,true,,retain_review
7095bd1f-5f93-4dd2-9924-c3ffe1f546d6,twin-k-plumbing-and-general-maintenance,Twin-k Plumbing and General Maintenance,South Coast,true,false,directory_record,3,true,thin_description,manual_review
d8cc487a-48a1-45c8-b22d-591490768774,tys-projects,Tys Projects,Durban North,true,false,directory_record,2,true,missing_services|thin_description,manual_review
6820e447-e8da-490d-918b-a99eff444497,ubuchwepheshe-innovations,Ubuchwepheshe Innovations,Durban South,true,false,directory_record,2,false,missing_services|thin_description,manual_review
5957a24f-6bf9-485f-8b96-43f759a298b8,ugeja-mbazo-construction,Ugeja-mbazo Construction,Pinetown,true,false,directory_record,3,true,entity_type_review,manual_review
c33f8084-cdfc-4429-b29e-141b2058ef4a,uhide,Uhide,PMB,true,false,directory_record,3,true,thin_description,manual_review
a273be13-191a-49e6-82f3-e62663246be4,ulwandleh-property-development,Ulwandleh Property Development,Newcastle,true,false,directory_record,3,true,,retain_review
8ffec71c-f9e8-4157-b18a-1a568ea956e8,umgeni-plumbers-and-contractors,Umgeni Plumbers And Contractors,Durban North,true,false,directory_record,4,true,,retain_review
3e96377c-2580-463b-8e7a-07355d5ac1f7,umhlanga-plumbers,Umhlanga Plumbers,Durban North,true,false,directory_record,2,true,missing_services|thin_description,manual_review
56a9cc1b-91c6-4b85-8a51-47642eae7e7b,uncle-gus-plumbing,Uncle Gus Plumbing,Ballito,true,false,directory_record,2,true,missing_services,manual_review
7678e800-ca0a-48da-81f6-eea2cfe1ad6d,unethemba-global,Unethemba Global,Durban South,true,false,directory_record,1,false,missing_services|thin_description,manual_review
3752d85b-a229-4e58-b9de-dc84ba20e3df,unoni-trading-projects,Unoni Trading & Projects,Newcastle,true,false,directory_record,3,true,,retain_review
7632b642-2d1e-44ac-9991-1b28a7fa6689,unqobilenami-projects-and-plumbing,Unqobilenami Projects and Plumbing,Richards Bay,true,false,directory_record,4,true,,retain_review
4a62254e-c9dd-4218-ba4a-d8d389218c81,upward-spiral-1199,Upward Spiral 1199,Durban North,true,false,directory_record,2,true,missing_services|thin_description,manual_review
06c2e250-53e4-4c73-8550-d0bc6e464147,urban-flow-plumbing,Urban Flow Plumbing,Richards Bay,true,false,directory_record,4,true,,retain_review
bbda65cd-498c-4702-930c-10b3c3f7e41f,uthongathi-plumbing-civils-and-solar,UThongathi Plumbing Civils And Solar,Ballito,true,false,directory_record,4,true,,retain_review
df6e058e-5570-4f18-aff7-b8668798efe7,valverite,Valverite,PMB,true,false,directory_record,2,true,missing_services|thin_description,manual_review
9cf37042-266e-49d7-8437-8b70f5bc213f,var-general-maintenance-services,VAR General Maintenance Services,Durban North,true,false,directory_record,3,true,thin_description,manual_review
03cafd3e-fcd3-421e-8586-e57014e0d91e,vasies-plumbing,Vasies Plumbing,Durban South,true,false,directory_record,3,true,thin_description,manual_review
d4acf3c7-507a-4523-ab32-9bd43b42e640,vass-management-services,VASS MANAGEMENT SERVICES,Durban North,true,false,directory_record,3,true,,retain_review
f0fd2286-1124-4987-a5b4-971d920d3a9d,masindisiwe-projects-pty-ltd,Masindisiwe Projects Pty Ltd ,Durban North,true,true,business_claimed,4,true,thin_description,manual_review
d2835f66-5853-44c0-8463-24ff72879d84,vela-wela,Vela Wela,Durban North,true,false,directory_record,3,true,thin_description,manual_review
8b8c4865-2b67-464f-a98c-995a54dd6632,vernon-naidoo-24-7-geyser-and-plumbing-solutions,Vernon Naidoo 24-7 Geyser And Plumbing Solutions,Durban North,true,false,directory_record,3,true,,retain_review
9af42ec0-1e5f-4d0e-b419-ea374a4541b4,village-plumbers,Village Plumbers,Pinetown,true,false,directory_record,2,true,missing_services|thin_description,manual_review
0e43d106-211f-4b1e-82ea-53acdd2c0ecc,vk-plumbers,VK Plumbers,Durban North,true,false,directory_record,3,true,thin_description,manual_review
1934b4a7-cb96-4bb9-bc8a-cd0eb569a3ee,vme-plumbing-painting,VME Plumbing & Painting,Durban South,true,false,directory_record,1,false,missing_services|thin_description,manual_review
509f7be6-16c8-4ea6-b187-a66c35722ea2,vns-plumbing-and-maintenance,VNS Plumbing And Maintenance,Durban North,true,false,directory_record,4,true,,retain_review
690ebbdd-80d2-42b3-a9c7-ee36e94b5738,vonzo-trading,Vonzo Trading,Durban North,true,false,directory_record,3,true,,retain_review
0283e86e-4531-4609-9695-25dda614598f,vulamanzi,Vulamanzi,Ballito,true,false,directory_record,2,true,missing_services|thin_description,manual_review
233eca8c-ee08-47a7-aba0-0c2e2d0984e5,vulindlela-plumbers-drainlayers,Vulindlela Plumbers & Drainlayers,Durban North,true,false,directory_record,2,false,missing_services|thin_description,manual_review
9d416c46-7198-42db-bb8d-294eb52a7afd,wanqoba-group-2020,Wanqoba group 2020,PMB,true,false,directory_record,2,true,missing_services,manual_review
69879076-5033-4494-a287-32b7bd5be3d6,water-is-life-plumbing-and-general-contractor,Water is Life Plumbing and General Contractor,Richards Bay,true,false,directory_record,3,true,,retain_review
ca02f1ec-b7f3-44a3-b47f-7743c3cfdba2,water-main-plumbing-services,Water Main Plumbing Services,Pinetown,true,false,directory_record,1,true,missing_services|thin_description,manual_review
dcd5a298-1741-4e56-981a-1d7028ed7e5a,watercrest-plumbers,Watercrest Plumbers,Durban North,true,false,directory_record,4,true,,retain_review
8913e306-609e-42aa-bd27-6d82733ccfe5,waterflow-plumbing,Waterflow Plumbing,PMB,true,false,directory_record,2,true,missing_services|thin_description,manual_review
43caf6e3-b826-42bf-b8f2-5937c895cf72,mirizuko-plumbing,Mirizuko plumbing PTY LTD,Other KZN,true,true,business_claimed,5,true,,retain_review
7f2e37d1-7072-447e-8bd4-0049bea3644d,waterwise-trading-enterprise,Waterwise Trading Enterprise,Durban South,true,false,directory_record,2,true,missing_services|thin_description,manual_review
dd5ebbfa-1c69-4ea0-9655-8c618b8d3f77,well-bee-holdings,Well Bee Holdings,Durban North,true,false,directory_record,3,true,,retain_review
7514ef58-51de-478d-9517-cadabbe1d2a2,wescot-projects,Wescot Projects,Durban North,true,false,directory_record,2,true,missing_services,manual_review
90420904-a1d3-4431-8990-6042c6663e5a,wesleys-plumbing-and-contracting,Wesleys Plumbing and Contracting,Durban North,true,false,directory_record,3,true,thin_description,manual_review
2ae3d6bd-e12f-4211-a3ee-d7e648d18be5,westfield-contractors,Westfield Contractors,Durban North,true,false,directory_record,3,true,missing_services,manual_review
f9ad7d96-4045-4d8d-8ac1-46402949fd31,wilco-plumbing-and-renovations,Wilco Plumbing And Renovations,South Coast,true,false,directory_record,3,true,thin_description,manual_review
12867088-0332-4dcb-9034-84fc8e2dada4,willforsthy-plumbing,Willforsthy Plumbing,Durban South,true,false,directory_record,1,true,missing_services|thin_description,manual_review
bc0e9fd0-b5cc-4d36-b971-a945f6ecb5a9,williamson-plumbers,Williamson Plumbers,Durban North,true,false,directory_record,2,true,missing_services|thin_description,manual_review
3f0a15df-2e2f-4e9f-a3ff-5320388755fb,wingnuts-plumbing,Wingnuts Plumbing,South Coast,true,false,directory_record,3,true,thin_description,manual_review
61f884b7-ca00-4427-a6b6-5c4fd5096795,xwayile-trading,Xwayile Trading,Richards Bay,true,false,directory_record,1,true,missing_services|thin_description,manual_review
b359c2d2-01d3-46b9-99ca-878ccca4aebc,y-and-r-developers,Y and R Developers,Newcastle,true,false,directory_record,3,true,,retain_review
402bdced-d277-4374-86dc-0fbd96298ed3,miya-ideal-plumbing-constitution,MIYA IDEAL PLUMBING CONSTITUTION ,Other KZN,true,true,business_claimed,3,true,thin_description,manual_review
46566747-0afc-41f0-9b58-2ba58407784e,yaweh-construction,Yaweh Construction,Durban North,true,false,directory_record,3,true,entity_type_review,manual_review
9de91e17-e7f0-4838-a428-b2d6daa3abd6,yena-plumbing-and-construction,Yena Plumbing and Construction,Richards Bay,true,false,directory_record,2,true,thin_description|entity_type_review,manual_review
29b7f796-0e80-4dcd-bf77-49406bc4c623,younique-contracting-services,Younique Contracting Services,Pinetown,true,false,directory_record,4,true,,retain_review
5648464b-656d-4eef-8a23-9a739bb77172,zabazethu-holdings,Zabazethu Holdings,Richards Bay,true,false,directory_record,2,true,missing_services,manual_review
fe5ca99e-d6d2-4a83-bcfa-72288bb3bf6c,zabethu-trading-and-projects,Zabethu Trading and Projects,Richards Bay,true,false,directory_record,2,true,missing_services,manual_review
47602b3d-5de3-4e92-80e8-3bd4c870ad0b,zakheleni-plumbing-supplies,Zakheleni Plumbing Supplies,Durban South,true,false,directory_record,3,true,thin_description,manual_review
a94c78c9-3fbb-40eb-944b-6d412eb4570f,zalwakhe-nqengelele-projects,Zalwakhe Nqengelele Projects,Richards Bay,true,false,directory_record,2,true,missing_services|thin_description,manual_review
1b68ac20-6899-4c4b-b2d8-203e5b9e18e6,zamisanani-projects,Zamisanani Projects,South Coast,true,false,directory_record,2,true,missing_services,manual_review
b669780d-f645-4a0a-bf8a-c681538a59d8,zamokuhlekwemvelo,Zamokuhlekwemvelo,Pinetown,true,false,directory_record,3,true,,retain_review
bea87714-4142-4d0a-bdd1-44bc585f94ea,zaphela-trading-and-projects,Zaphela Trading and Projects,Newcastle,true,false,directory_record,2,true,missing_services,manual_review
442a40a9-8f4b-4bcf-83ec-e9abb72df7a0,zikhalizomkhonto-trading,Zikhalizomkhonto Trading,Durban North,true,false,directory_record,4,true,,retain_review
a0fd50d3-9f11-41ba-8ea5-449726c649f8,ziphozethu-trading,Ziphozethu Trading,Durban South,true,false,directory_record,3,true,thin_description,manual_review
b9219807-fb84-4ddb-9620-6276f2134493,zipp-plumbers,Zipp Plumbers,Pinetown,true,false,directory_record,3,true,thin_description,manual_review
c9d47652-b985-4322-bd63-37eb5c73b0ac,zizoe-plumbing,Zizoe Plumbing,Durban South,true,false,directory_record,2,true,missing_services|thin_description,manual_review
d119a97a-5192-44c9-8995-347b197ae817,zondi-and-zungu-plumbers,Zondi and Zungu Plumbers,PMB,true,false,directory_record,3,true,,retain_review
c8a506bc-c7da-495d-95e3-dd6131f4c9ed,zukeb-projects-and-trading,Zukeb Projects and Trading,Durban North,true,false,directory_record,3,true,,retain_review
7ea69634-1eb6-4b7d-b929-b06e47daa043,zulu-acres-plumbing-x-maintenance,Zulu Acres Plumbing x Maintenance,Durban South,true,false,directory_record,4,true,,retain_review
cdd2aff2-edd8-425c-ab9c-1106401b2552,zululand-service-providers,Zululand Service Providers,Richards Bay,true,false,directory_record,3,true,thin_description,manual_review
9558dbbd-b2d1-446f-8d55-e6789ef44b60,jessflo-plumbers-and-building-maintenance,Jessflo Plumbers And Building Maintenance,Ballito,true,false,directory_record,3,true,generated_template_description,manual_review
3c5cc10f-d545-4a1b-8dfd-5eae0d231808,plumb-easy,Plumb Easy,Durban North,true,false,directory_record,2,false,missing_services|generated_template_description,manual_review
623e0b6c-8fcd-40c5-85e4-25b08255b08e,ab-plumbing-specialists,AB Plumbing Specialists,PMB,true,false,directory_record,3,true,missing_services,manual_review
cadf84d5-5bbc-4aa8-9c67-3970a769213c,24-fix-kzn,24 Fix- KZN,Other KZN,true,false,directory_record,3,true,generated_template_description,manual_review
daaf71bd-853f-4b4b-b1ed-b7148925e365,24-7-plumbers-durban,24/7 Plumbers (Durban),Durban North,true,false,directory_record,3,true,generated_template_description,manual_review
e5be0c18-3259-4348-abf6-71858612ada3,zingwazi-constraction,Zingwazi Constraction,Durban North,true,false,directory_record,2,true,missing_services,manual_review
bb79a44b-cfba-4a4d-aada-5398261cfd94,zsexy,Zsexy,Other KZN,true,false,directory_record,1,false,missing_services|generated_template_description,manual_review
0985f1c7-f086-4659-8ae8-be7bf82ba5e5,zulu-plumbing-works,Zulu Plumbing Works,Durban North,true,false,directory_record,1,true,missing_services|generated_template_description,manual_review
431f3129-69db-4fb5-be06-40042c9b672c,zululand-anthracite-collier-zac,Zululand Anthracite Collier (ZAC),Richards Bay,true,false,directory_record,2,true,missing_services|generated_template_description,manual_review
c470a302-d5c3-4df8-a969-0fe5d32d4bcd,mzikaphoswa-plumbers-1,MZIKAPHOSWA PLUMBERS ,Other KZN,true,true,business_claimed,4,true,thin_description,manual_review
54b57c17-e618-4cfe-bf02-7c0565e97f31,a-2-z-services,A 2 Z Services,Other KZN,true,false,directory_record,2,false,missing_services|generated_template_description,manual_review
dd0ab243-1960-40c1-a068-3ee83972124d,a-boehnke-plumbing-services,A Boehnke Plumbing Services,Other KZN,true,false,directory_record,1,false,missing_services|generated_template_description,manual_review
f4a1a87e-cf2d-4f56-85fd-89afef3a924b,a-er-services,A.ER. Services,Durban North,true,false,directory_record,1,false,missing_services|generated_template_description,manual_review
477133e1-3231-4d46-9d8e-e732124f9186,a2d-plumbing,A2D Plumbing,Durban North,true,false,directory_record,2,true,generated_template_description,manual_review
f0dd6602-045b-4908-afbb-bd1ff28bf7e9,a2z-plumbing,A2Z Plumbing,Durban North,true,false,directory_record,2,false,missing_services|generated_template_description,manual_review
ab8cfa18-09d8-4002-8c68-75535757e41f,abcon-plumbing,Abcon Plumbing,Durban North,true,false,directory_record,2,false,missing_services|generated_template_description,manual_review
d71f7f6e-60d0-4999-9b4b-bb0d8390fb17,ablenergy,Ablenergy,Other KZN,true,false,directory_record,1,false,missing_services|generated_template_description,manual_review
58e8dc74-3a5d-4057-8985-faf26c1e9fe5,abt-plumbers,ABT Plumbers,Pinetown,true,false,directory_record,3,true,missing_services,manual_review
703ba951-0e37-4d40-8ef9-b93b7d9eaf66,ace-utilities,Ace Utilities,Other KZN,true,false,directory_record,2,false,missing_services|generated_template_description,manual_review
3dc14a7a-2e35-4e80-ae3c-484831bde0ba,adolphin-plumbers,Adolphin Plumbers,Durban North,true,false,directory_record,2,false,missing_services|generated_template_description,manual_review
ca7be41e-7ef1-499b-b8bf-863274e1c94e,adwater,Adwater,Pinetown,true,false,directory_record,1,false,missing_services|generated_template_description,manual_review
7106bfac-5dec-4305-a67c-1fbebfccd83a,aeriel-line-construction,Aeriel Line Construction,Durban North,true,false,directory_record,1,false,missing_services|generated_template_description|entity_type_review,manual_review
a46f5443-ad26-4247-9c10-63854fe9ee4d,afri-scan-construction,Afri scan Construction,Durban North,true,false,directory_record,1,false,missing_services|generated_template_description|entity_type_review,manual_review
caa3b7fb-9575-46e5-a85f-0c4d39201979,afri-tap-plumbers,Afri-Tap Plumbers,Other KZN,true,false,directory_record,1,false,missing_services|generated_template_description,manual_review
c62f2b46-39f0-4a20-8d6e-ab8c9213bfbf,afroprop-natal,Afroprop Natal,Durban North,true,false,directory_record,2,true,missing_services,manual_review
d29ab5ed-c95b-4200-b5ac-487c477c4a5d,agh-plumbers,AGH Plumbers,Durban North,true,false,directory_record,2,true,missing_services|generated_template_description,manual_review
df565254-9c1c-4d09-88a5-40b4dc76de8d,aj-smith-plumbers,AJ Smith Plumbers,Durban South,true,false,directory_record,2,false,missing_services|generated_template_description,manual_review
5408bd52-3cc9-4ab6-8240-4fe4696572ef,ajag-construction-and-supplies,Ajag Construction and Supplies,Newcastle,true,false,directory_record,1,false,missing_services|generated_template_description,manual_review
80b24de6-ec51-42db-8539-11d7f94eb927,ajs-plumbers,AJS Plumbers,Durban North,true,false,directory_record,1,true,missing_services|generated_template_description,manual_review
ee06238f-552d-4471-bbf2-bbe66f3118fb,plumbexpress,Plumbexpress,South Coast,true,false,directory_record,1,false,missing_services|generated_template_description,manual_review
c49884fe-4dff-49d5-bcbc-50e982e6616a,alcari-plumbing-services-maintenance,Alcari Plumbing Services & Maintenance,Other KZN,true,false,directory_record,2,true,generated_template_description,manual_review
2fd627c8-91ad-4d47-ae04-090c982c97f5,all-plumb-projects,All Plumb Projects,Other KZN,true,false,directory_record,2,false,missing_services|generated_template_description,manual_review
6507edf6-f9af-4b9d-bf6e-2c47934e32f9,all-time-plumbers,All Time Plumbers,Durban North,true,false,directory_record,1,false,missing_services|generated_template_description,manual_review
ce811d34-2599-48c0-be7b-bbca7a3b284d,altech-plumbing,Altech Plumbing,Durban North,true,false,directory_record,1,false,missing_services|generated_template_description,manual_review
48241f30-812d-412d-b116-9e543a55eaef,alwazo-trading,Alwazo Trading,Other KZN,true,false,directory_record,2,false,missing_services|generated_template_description,manual_review
720ac283-2934-4c79-9c80-443c9689675f,amachunu-plumbers,Amachunu Plumbers,Durban North,true,false,directory_record,2,false,missing_services|generated_template_description,manual_review
5f600a3a-2405-49f4-b4fa-27b4a0d58f4e,amalgamated-quality-suppliers,Amalgamated Quality Suppliers,Durban North,true,false,directory_record,2,false,missing_services|generated_template_description,manual_review
70524cfa-4f1b-4359-b19e-8aa761e86cc1,amananda-trading,Amananda Trading,Other KZN,true,false,directory_record,2,true,missing_services,manual_review
544ae1e3-caab-45bf-a535-6e83a89ae14e,andre-s-plumbers-durban,Andre's Plumbers Durban,Other KZN,true,false,directory_record,2,false,missing_services|generated_template_description,manual_review
7cfc716f-3572-49e7-b3db-8ab58c5360f5,andrew-plumber-solution,Andrew Plumber Solution,Durban South,true,false,directory_record,3,true,generated_template_description,manual_review
b0935d14-2c3d-474a-9249-b294356e3052,ks-enterprise,KS-Enterprise,Richards Bay,true,false,directory_record,1,false,missing_services|generated_template_description,manual_review
d6f9ff2c-3a2f-4b9c-8024-6bdedb79e00e,app-plumbing-and-renovation,APP Plumbing and Renovation,Durban North,true,false,directory_record,3,true,generated_template_description,manual_review
c33b622b-85e9-47ca-ab4e-160ab239b5be,aqua-j-plumbing,Aqua J Plumbing,Other KZN,true,false,directory_record,2,false,missing_services|generated_template_description,manual_review
581c28ba-88fb-4a30-98b1-fe1cdf288c78,arena-plumbers,Arena Plumbers,Durban North,true,false,directory_record,2,true,missing_services,manual_review
326005f1-593b-4529-8e30-655ed7fc45ea,arp-plumbing-services,ARP Plumbing Services,Durban South,true,false,directory_record,1,false,missing_services|generated_template_description,manual_review
5dc879c6-3898-4513-913a-3c3718a0270f,asheer-jaggessar,Asheer Jaggessar,Other KZN,true,false,directory_record,2,true,missing_services,manual_review
b26cddb2-6d3b-4e98-925e-fde50534df87,ashila-building-civils,Ashila Building & Civils,Newcastle,true,false,directory_record,1,false,missing_services|generated_template_description,manual_review
32f80a41-140b-4a55-89a8-495f01e26d0c,astra-plumbers,Astra Plumbers,Durban North,true,false,directory_record,1,false,missing_services|generated_template_description,manual_review
2dcdf967-288f-48de-94eb-aa08dfe04f15,atkins-plumbing-services,Atkins Plumbing Services,Durban North,true,false,directory_record,3,true,missing_services,manual_review
969b7cbb-0a40-46bc-b21d-d3775bfc6887,austria-plumbing-electrical,Austria Plumbing & Electrical,Richards Bay,true,false,directory_record,2,true,missing_services|generated_template_description,manual_review
8977597c-9d46-4076-9eee-608ecb438c9f,avanti-plumbers,Avanti Plumbers,Other KZN,true,false,directory_record,3,true,missing_services,manual_review
cd034d03-fe9c-4627-a87e-13099816a689,venter-plumbing,Venter Plumbing,Ballito,true,false,directory_record,2,false,missing_services|generated_template_description,manual_review
de86bd4b-d7a4-42c5-8b40-d430363746a2,ayanda-ngubane,Ayanda Ngubane,Pinetown,true,false,directory_record,2,false,missing_services|generated_template_description,manual_review
60a89765-7252-4382-bab2-e851de277810,azande-wholesale,Azande Wholesale,Pinetown,true,false,directory_record,2,false,missing_services|generated_template_description,manual_review
d4d33eef-8def-458b-a809-45a1951aad6c,azo-construction-services,Azo Construction Services,Richards Bay,true,false,directory_record,2,false,missing_services|generated_template_description,manual_review
80d5105e-d4df-40dc-97a2-7597390e1230,b-j-plumbers,B & J Plumbers,Other KZN,true,false,directory_record,2,false,missing_services|generated_template_description,manual_review
ae97684e-2834-442f-a3f5-d78db6b5f846,b-r-plumbing,B & R Plumbing,Ballito,true,false,directory_record,2,false,missing_services|generated_template_description,manual_review
11a7cd5f-c4b5-4e29-8694-9e326e64eac2,b-a-mbatha-construction,B.A Mbatha Construction,Richards Bay,true,false,directory_record,1,false,missing_services|generated_template_description|entity_type_review,manual_review
b692b8c6-a920-4f97-9539-c25606d4cf0f,ballito-plumbers,Ballito Plumbers,Ballito,true,false,directory_record,2,false,missing_services|generated_template_description,manual_review
8ea38762-c9c3-4c76-84f6-73ccffd6d670,balute-trading,Balute Trading,Durban North,true,false,directory_record,2,true,missing_services,manual_review
fcf3e152-2138-4ec5-aac7-4f976f70fff2,derwent-plumbers,Derwent Plumbers,Other KZN,true,false,directory_record,1,false,missing_services|generated_template_description,manual_review
7c8adb32-1497-424e-be05-2659ea3148b8,bath-plumbing,Bath Plumbing,Durban South,true,false,directory_record,3,true,missing_services,manual_review
988c0af1-cf81-4d58-8020-09d4c5ca3a88,benton-brothers-solutions,Benton Brothers Solutions,PMB,true,false,directory_record,2,true,missing_services|generated_template_description,manual_review
6ee832fc-d8bd-478b-9420-a5faeaba1252,best-2-electrical,Best 2 Electrical,Newcastle,true,false,directory_record,2,false,missing_services|generated_template_description,manual_review
f96ada2b-22d0-4846-924c-0460a13b9018,bettafix-plumbing,Bettafix Plumbing,Durban North,true,false,directory_record,2,true,missing_services|generated_template_description,manual_review
6db27c99-bdb7-4038-b995-8e88e8867b9c,bhai-construction,Bhai Construction,Other KZN,true,false,directory_record,1,false,missing_services|generated_template_description|entity_type_review,manual_review
04957cbe-e1a7-4099-8ce4-b58ced89237f,bienare-services,Bienare Services,PMB,true,false,directory_record,2,false,missing_services|generated_template_description,manual_review
29f72f05-6899-405b-af25-bad9fa10e5d6,bizayo-projects-works,Bizayo Projects Works,Durban North,true,false,directory_record,3,true,generated_template_description,manual_review
d46b92e1-4bf1-4b5d-a76f-b20a5bad95a5,bjw-plumbers-and-projects,BJW Plumbers and Projects,Other KZN,true,false,directory_record,2,false,missing_services|generated_template_description,manual_review
ffca42fb-a19a-4cee-a87e-0f664f89d84b,bk-plumbers,BK Plumbers,Ballito,true,false,directory_record,3,true,missing_services,manual_review
14758f84-f302-4ff2-a8a7-5e5a2bc3ea32,blackburn-plumbers-drainlayers,Blackburn Plumbers & Drainlayers,Durban North,true,false,directory_record,2,false,missing_services|generated_template_description,manual_review
fb0b296c-e097-45ea-9e8b-c52a36ee67cb,blomeyers-electrical,Blomeyers Electrical,PMB,true,false,directory_record,1,false,missing_services|generated_template_description,manual_review
0e9e1256-a7f7-4e72-a25d-31315a155c84,blue-print-plumbing,Blue -Print Plumbing,South Coast,true,false,directory_record,2,false,missing_services|generated_template_description,manual_review
981e54e0-d025-43fe-aca9-8d206b712651,blue-shark-plumbers,Blue Shark Plumbers,Other KZN,true,false,directory_record,3,true,missing_services,manual_review
e81581bd-e957-45a0-a25d-e3b45cd6cbd3,calvin-and-family-group,Calvin And Family Group,Durban North,true,false,directory_record,1,false,missing_services|generated_template_description,manual_review
6164622c-d942-43d9-95bb-4b091111332d,boss-plumbers,Boss Plumbers,Richards Bay,true,false,directory_record,2,true,missing_services|generated_template_description,manual_review
55d8f068-d9a7-411f-806c-51947cb917a9,breathe-industries,Breathe Industries,Other KZN,true,false,directory_record,2,false,missing_services|generated_template_description,manual_review
aa099089-d87c-4928-9402-59516cee5cd4,buildrite,Buildrite,Durban North,true,false,directory_record,3,true,generated_template_description,manual_review
03a83098-a739-436d-92f9-5475115909a8,bukhosi-plumbers-and-projects,Bukhosi Plumbers And Projects,Durban South,true,false,directory_record,2,false,missing_services|generated_template_description,manual_review
b083e057-8a13-4399-a67d-87d026567b78,bulldog-construction,Bulldog Construction,Other KZN,true,false,directory_record,1,false,missing_services|generated_template_description|entity_type_review,manual_review
0d3c8b53-fb4d-47f1-bfb0-73f0d0dfea9d,buy-plumbers,Buy Plumbers,Other KZN,true,false,directory_record,2,true,missing_services,manual_review
0e035765-9304-47a8-ab97-bf6a35e3ec3d,c-hlangu,C'Hlangu,Durban North,true,false,directory_record,2,false,missing_services|generated_template_description,manual_review
e5d5b7f1-30ad-47ba-af97-aa775217757c,c-o-valves-and-piping,C.O Valves and Piping,Other KZN,true,false,directory_record,1,false,missing_services|generated_template_description,manual_review
a2336fd4-b4e7-470a-8367-252df2f228fa,cahal-ohara-plumbers,Cahal OHara Plumbers,Durban North,true,false,directory_record,2,false,missing_services|generated_template_description,manual_review
daef0f10-62f9-437a-b3e3-28760492afc9,calnik-plumbing-and-renovations,Calnik Plumbing and Renovations,Durban North,true,false,directory_record,2,true,generated_template_description,manual_review
b2a60d17-5292-48bc-9d84-d146454af580,capekei,Capekei,Other KZN,true,false,directory_record,1,false,missing_services|generated_template_description,manual_review
7458662f-affd-4216-9628-13ad4a255635,evolution-construction,Evolution Construction,Newcastle,true,false,directory_record,3,true,missing_services|entity_type_review,manual_review
52f109b8-cc4c-4f34-ba44-50e9592cf377,carmike-plumbers,Carmike Plumbers,Durban North,true,false,directory_record,2,false,missing_services|generated_template_description,manual_review
40a0f379-53a0-4dc5-adca-74ef5f5dd257,casa-plumbing-drains,Casa Plumbing &Drains,Durban North,true,false,directory_record,2,false,missing_services|generated_template_description,manual_review
fe36d208-f908-4149-8500-5e5f183b4f52,cascade-homes-trust,Cascade Homes Trust,Durban North,true,false,directory_record,2,false,missing_services|generated_template_description,manual_review
2838372d-17b0-44f9-be3b-573b83d4b40c,challenger-plumbers,Challenger Plumbers,Durban South,true,false,directory_record,2,true,missing_services|generated_template_description,manual_review
f776ed4f-c4d3-40a3-982c-6098477fbc93,chasi-tec-plumbers,Chasi-Tec Plumbers,Other KZN,true,false,directory_record,3,true,missing_services,manual_review
61332da6-487e-44d6-b71f-9341bba8a533,chater-plumbing,Chater Plumbing,Pinetown,true,false,directory_record,3,true,missing_services,manual_review
cbb46506-587a-483f-864e-a2ed2786377c,city-of-umhalathuze,City of Umhalathuze,Richards Bay,true,false,directory_record,2,false,missing_services|generated_template_description,manual_review
c18428c5-f6f3-4bde-a6cb-6ba355a9eefd,city-of-umhlahuze,City of Umhlahuze,Richards Bay,true,false,directory_record,1,false,missing_services|generated_template_description,manual_review
9c8b439c-bc95-48d3-b098-e5b36a2fcf8b,city-plumbers-and-builders,City Plumbers And Builders,Other KZN,true,false,directory_record,2,false,missing_services|generated_template_description,manual_review
038b4411-1bd7-411d-806b-17772fc62bf6,cl-projects,CL Projects,Other KZN,true,false,directory_record,1,false,missing_services|generated_template_description,manual_review
8d6be8cd-c076-4c92-b9d2-873329240c56,cliffham-plumbers,Cliffham Plumbers,Durban North,true,false,directory_record,1,false,missing_services|generated_template_description,manual_review
90559bfa-2b77-4450-93ae-47a05305b034,cms-general-services,CMS General Services,Durban North,true,false,directory_record,2,true,missing_services,manual_review
3141f967-d20c-446a-9661-db119fe259f4,cobra-watertech-kzn,Cobra Watertech (KZN),Durban North,true,false,directory_record,1,false,missing_services|generated_template_description,manual_review
bdf30e28-0426-49b7-adf4-f22ff0b2126a,col-s-plumbing,Col's Plumbing,Other KZN,true,false,directory_record,2,false,missing_services|generated_template_description,manual_review
8cc23df1-73bc-4809-99a9-4c678141574b,collateral-trading-244,Collateral Trading 244,Durban North,true,false,directory_record,2,false,missing_services|generated_template_description,manual_review
89915a9c-baba-44a7-9202-8fdf84719804,construction-for-africa,Construction For Africa,Pinetown,true,false,directory_record,2,false,missing_services|generated_template_description,manual_review
6ffcf8a1-60d4-4474-b6e3-4534fcfbe96b,construction-plus,Construction Plus,Ballito,true,false,directory_record,2,true,missing_services|generated_template_description,manual_review
52a12751-dd00-43f6-837c-b94a26622d29,department-of-health-st-francis-hosp,Department of Health (St.Francis Hosp),Richards Bay,true,false,directory_record,2,false,missing_services|generated_template_description,manual_review
d51b7276-630c-41cb-b2bb-b5216776abe1,proman-plumbers,Proman Plumbers,Other KZN,true,false,directory_record,2,true,missing_services,manual_review
8a9cda18-76f3-49ca-af7b-7c4553aa9d9d,cormax-plumbers,Cormax Plumbers,Other KZN,true,false,directory_record,1,false,missing_services|generated_template_description,manual_review
14de0ced-9256-49f4-ba1d-8bcda135fc2c,corpanco,Corpanco,Ballito,true,false,directory_record,3,true,missing_services,manual_review
f73d919d-ce54-4115-9a73-36a9bbf775df,leak-masters,Leak Masters,PMB,true,false,directory_record,1,true,missing_services|generated_template_description,manual_review
aff62ed6-3126-4ac3-8916-39c9cd1c57d6,cracam-plumbing-and-maintenance-services,Cracam Plumbing and Maintenance Services,Durban North,true,false,directory_record,3,true,generated_template_description,manual_review
46298b7f-3337-440b-b269-c8b46786bfed,craftwork-plumbing-gas,Craftwork Plumbing & Gas,Other KZN,true,false,directory_record,2,true,missing_services|generated_template_description,manual_review
b19ef7b1-cbf4-498a-8a73-125bf89d5944,cress-plumbing,Cress Plumbing,Other KZN,true,false,directory_record,2,false,missing_services|generated_template_description,manual_review
05ac514b-ac4e-4c17-ae78-ca6cc355389e,crest-developers,Crest Developers,Ballito,true,false,directory_record,1,false,missing_services|generated_template_description,manual_review
ee4770e0-9048-4e24-ab30-8018fcb45011,d-d-electrical-plumbing,D & D Electrical & Plumbing,Durban North,true,false,directory_record,2,false,missing_services|generated_template_description,manual_review
952f41c6-7db4-4892-8c4d-f364b3fb737f,d-k-plumbing-and-aluminum-gutters,D & K Plumbing And Aluminum Gutters,PMB,true,false,directory_record,2,false,missing_services|generated_template_description,manual_review
dfbb9483-edde-48f4-a797-8f307b2aedb4,d-p-plumbing-property-maintenance,D P Plumbing & Property Maintenance,Durban North,true,false,directory_record,2,true,generated_template_description,manual_review
ec5e9a33-5b5c-4533-8475-9638ccf589d6,d-l-n-plumbers,D.L.N Plumbers,Other KZN,true,false,directory_record,2,false,missing_services|generated_template_description,manual_review
5bd22f81-2af0-4f21-9df0-80ee17867ab1,dal-plumbers,DAL Plumbers,Durban South,true,false,directory_record,1,false,missing_services|generated_template_description,manual_review
41f4099f-b63a-4001-9e34-aec4e68f465e,damba-construction,Damba Construction,Other KZN,true,false,directory_record,2,false,missing_services|generated_template_description|entity_type_review,manual_review
ac4e88ae-5380-4e95-8002-255d9b782db2,dave-mcdougall-s-plumbing,Dave McDougall's Plumbing,Durban North,true,false,directory_record,3,true,missing_services,manual_review
bf991f7a-de92-42e2-a7f7-b502bd703361,dave-raw-plumbing,Dave Raw Plumbing,Other KZN,true,false,directory_record,2,false,missing_services|generated_template_description,manual_review
59f72a0f-40b3-47a6-a228-c2e5034146d0,david-tapken,David Tapken,PMB,true,false,directory_record,1,false,missing_services|generated_template_description,manual_review
c0514743-cd37-4a0f-a53d-079cfb427d7b,day-by-day-plumbing,Day By Day Plumbing,Other KZN,true,false,directory_record,2,false,missing_services|generated_template_description,manual_review
d5ea1521-6ce5-40d3-b4d1-59e0c41bec02,de-beer-plumbers,De Beer Plumbers,Ballito,true,false,directory_record,2,true,missing_services|generated_template_description,manual_review
a3befd0c-36d0-45a2-acf9-35f875864f94,delux-construction-plumbing,Delux Construction & Plumbing,Other KZN,true,false,directory_record,3,true,missing_services,manual_review
48c6ae25-943c-4144-97e1-c5c962f03ed2,department-of-health-kzn,Department of Health (KZN),PMB,true,false,directory_record,3,true,missing_services,manual_review
2059b96c-6345-4ccc-abc5-39345f631547,depatment-of-correctional-services,Depatment of Correctional services,Durban North,true,false,directory_record,2,false,missing_services|generated_template_description,manual_review
d72a14b2-94f6-45aa-b8b9-34e8f585de06,designer-plus-durban,Designer Plus Durban,Durban North,true,false,directory_record,2,true,missing_services|generated_template_description,manual_review
21bbaff5-f2df-472b-82a1-9c7a0966e293,leak,Leak,Durban North,true,false,directory_record,2,false,missing_services|generated_template_description,manual_review
1c39743a-220d-412f-9360-2fb6fb580e35,dewgon-contractors,Dewgon Contractors,Other KZN,true,false,directory_record,2,true,missing_services|generated_template_description,manual_review
9f118543-0245-4c90-8e11-8f9edf4f23b4,dhanam-nilayam-group,Dhanam Nilayam Group,Durban North,true,false,directory_record,2,false,missing_services|generated_template_description,manual_review
220cd1ac-541a-452c-8e42-3921853243eb,dikose-trading,Dikose Trading,Other KZN,true,false,directory_record,3,true,missing_services,manual_review
97972384-4794-4957-bec4-94f59e74e5b5,dillon-plumbers,Dillon Plumbers,Ballito,true,false,directory_record,3,true,missing_services,manual_review
deeee997-2241-485a-9fbc-19c79163567c,distant-star-trading-499cc,Distant Star Trading 499cc,Other KZN,true,false,directory_record,1,false,missing_services|generated_template_description,manual_review
59b75113-6bb7-4e37-8e8e-c4a4edd40bef,diverse-plumbing-services,Diverse Plumbing Services,Other KZN,true,false,directory_record,2,false,missing_services|generated_template_description,manual_review
4d2ef167-b95f-4365-90fe-c80d88e68366,dkh-plumbing-and-civils,DKH Plumbing And Civils,Ballito,true,false,directory_record,2,true,missing_services|generated_template_description,manual_review
62f6fb19-f48f-487d-9b19-75ad6c3e8678,dls-plumbing,DLS Plumbing,Other KZN,true,false,directory_record,3,true,missing_services,manual_review
ca406b6f-5157-4843-a6a9-e57449e2e595,dolphin-coast-plumbers,Dolphin Coast Plumbers,Durban North,true,false,directory_record,2,true,missing_services|generated_template_description,manual_review
6c115e3c-0adc-413b-b4d3-826f023194b2,domestic-industries,Domestic Industries,Durban North,true,false,directory_record,2,false,missing_services|generated_template_description,manual_review
cd0238f6-1689-43ba-896c-1a70b3692683,double-ridge,Double Ridge,Other KZN,true,false,directory_record,1,true,missing_services|generated_template_description,manual_review
6e07ebb0-884a-4a53-90f7-7870a3666fe7,dph-sizani-investment-trading,DPH Sizani Investment Trading,Durban South,true,false,directory_record,2,false,missing_services|generated_template_description,manual_review
97f59236-07e7-4ad4-b18e-9a6e998294fc,drain-guarantee-cc-trading-as-plumb-guarantee,Drain Guarantee CC Trading as Plumb Guarantee,Pinetown,true,false,directory_record,1,true,missing_services|generated_template_description,manual_review
acf2d1ec-e399-4039-b618-fe22f9486711,drain-meister,Drain Meister,Durban North,true,false,directory_record,2,true,missing_services|generated_template_description,manual_review
73de8260-608e-46a3-a0b7-aea050959ec9,drain-ranger,Drain Ranger,Other KZN,true,false,directory_record,2,true,missing_services|generated_template_description,manual_review
701f9fb0-d560-4fce-8156-b617eac940db,drakensberg-water-solutions,Drakensberg Water Solutions,Newcastle,true,false,directory_record,2,true,missing_services|generated_template_description,manual_review
a4572469-b38f-491f-8487-08995022ae0a,drd-projects-fourche-plumbing-services,DRD Projects & Fourche Plumbing Services,Durban South,true,false,directory_record,2,false,missing_services|generated_template_description,manual_review
9058f0b9-5cf6-40ab-90f1-9c522c38e3d2,dyna-plumbing,Dyna Plumbing,Pinetown,true,false,directory_record,2,false,missing_services|generated_template_description,manual_review
9bc5cf3f-c82d-4321-9155-f61e428c764f,e-j-plumbers-and-drain-cleaners,E.J. Plumbers And Drain Cleaners,Durban North,true,false,directory_record,3,true,generated_template_description,manual_review
44691d41-4dba-495e-a6bf-6114a6c0b276,earthco-plumbing,Earthco Plumbing,Other KZN,true,false,directory_record,3,true,missing_services,manual_review
97d7a45b-956c-413b-9a9c-3a6f1a61cd3c,east-coast-plumbing,East Coast Plumbing,Other KZN,true,false,directory_record,3,true,missing_services,manual_review
a7f982c7-630f-4246-8361-0e9ab5eae2c9,ecn-plumbing,ECN Plumbing,Durban North,true,false,directory_record,2,false,missing_services|generated_template_description,manual_review
7c7697c2-16b1-4bc4-aa2e-3fbe78a89d1b,eco-green-solar-energy,Eco Green Solar Energy,Other KZN,true,false,directory_record,1,true,missing_services|generated_template_description,manual_review
33a47679-e209-4fe5-a6f1-e37bf9f82103,eco-pump-kzn,Eco Pump KZN,Durban North,true,false,directory_record,1,false,missing_services|generated_template_description,manual_review
8efd8b38-dc22-4717-a9b2-85fb40308de5,eco-serve-plumbing-solutions,Eco Serve Plumbing Solutions,Other KZN,true,false,directory_record,3,true,missing_services,manual_review
f7c5b47a-4169-445e-bc2a-f4747a3eb1b1,ecogreen-plumbing-and-solar,Ecogreen Plumbing and Solar,Other KZN,true,false,directory_record,3,true,missing_services,manual_review
2030180f-5cf8-4375-b4c5-abb3cfaaabc0,ecowise-plumbing,Ecowise Plumbing,Durban North,true,false,directory_record,2,false,missing_services|generated_template_description,manual_review
f1f8425a-a931-4502-9958-93d87130341c,ee-electrical,EE Electrical,Durban North,true,false,directory_record,2,false,missing_services|generated_template_description,manual_review
c894066c-db24-4880-b283-268256068491,egon-s-plumbing,Egon's Plumbing,Other KZN,true,false,directory_record,2,false,missing_services|generated_template_description,manual_review
39bd4e8e-3e25-47bf-a8d3-f25b986d1356,ekulaleleni-contracting-trading,Ekulaleleni Contracting & Trading,Other KZN,true,false,directory_record,2,false,missing_services|generated_template_description,manual_review
f55028c6-7a61-406a-9295-517c8ddb07ee,elimtense-services,Elimtense Services,Other KZN,true,false,directory_record,3,true,missing_services,manual_review
aec3821f-01cb-4780-a083-7c95f73780fd,envirozn-plumbers,Envirozn plumbers,Other KZN,true,false,directory_record,3,true,missing_services,manual_review
0ec6ae4e-1948-4de8-ad50-06caab3c55eb,ethekwini-plumbers,Ethekwini Plumbers,Durban North,true,false,directory_record,3,true,missing_services,manual_review
f017050f-eb0a-491c-be34-0b0ecbedf5fd,ethekwini-tvet-college-malbourne-campus,eThekwini Tvet College (Malbourne Campus),Durban North,true,false,directory_record,1,false,missing_services|generated_template_description,manual_review
1ad102e5-b0b9-456d-b4aa-ef15363051f8,ethekwini-water-and-sanitation,Ethekwini Water and Sanitation,Durban North,true,false,directory_record,1,true,missing_services|generated_template_description,manual_review
226a5922-d00a-4663-8732-a949e545babd,everitt-plumbing,Everitt Plumbing,Durban North,true,false,directory_record,2,false,missing_services|generated_template_description,manual_review
7173f2b7-97af-49ed-9f12-2882c5191070,excop-plumbers,Excop Plumbers,Durban South,true,false,directory_record,1,false,missing_services|generated_template_description,manual_review
76e6f80b-7e0f-4e20-ae17-b77b5e0d5799,expect-a-plumber,Expect-A-Plumber,Other KZN,true,false,directory_record,2,false,missing_services|generated_template_description,manual_review
a0b58fa2-b136-4962-87a5-f3a64056216f,exquisite-plumbing,Exquisite Plumbing,Durban North,true,false,directory_record,2,false,missing_services|generated_template_description,manual_review
0b39107c-25a3-4e2b-8513-f01b21b4d520,f-r-d-plumbingmtiaz,F.R.D Plumbingmtiaz,Other KZN,true,false,directory_record,2,false,missing_services|generated_template_description,manual_review
c505a999-4324-4cc6-9b93-d8742d7de7bd,fairfield-plumbing,Fairfield Plumbing,Newcastle,true,false,directory_record,3,true,missing_services,manual_review
0e3e540f-f423-49a0-b134-63d0760784b2,fawcett-plumbing-kzn,Fawcett Plumbing KZN,Other KZN,true,false,directory_record,2,false,missing_services|generated_template_description,manual_review
f6cfee96-8f35-414a-bc60-253822849c0c,first-and-last-plumbing-services,First and Last Plumbing Services,PMB,true,false,directory_record,2,false,missing_services|generated_template_description,manual_review
ccdf804c-acec-4c70-b441-18a686b75bac,first-call-plumbers,First Call Plumbers,Durban South,true,false,directory_record,3,true,generated_template_description,manual_review
8a1770f3-2e09-4f2f-83e4-ecce8388efa6,first-resorts,First Resorts,Durban North,true,false,directory_record,2,false,missing_services|generated_template_description,manual_review
597ad1fc-d177-4d49-ab4c-84169a0fbdab,flow-tech-plumbing,Flow Tech Plumbing,Other KZN,true,false,directory_record,3,true,missing_services,manual_review
29e7cdae-b531-42b5-83d4-f6fe74873d3b,fort-napier-hospital-department-of-health-pieter,Fort Napier Hospital Department of Health / Pieter,PMB,true,false,directory_record,1,false,missing_services|generated_template_description,manual_review
927b9adb-2b50-46e6-8ee0-7e3fcda58672,foscon-plumbing-services,Foscon Plumbing Services,PMB,true,false,directory_record,3,true,missing_services,manual_review
07e8b5d0-c88d-481f-9e8a-42d3c81ab87c,franke-south-africa,Franke South Africa,Durban North,true,false,directory_record,2,false,missing_services|generated_template_description,manual_review
78cc57b9-0a1b-4d90-bf4a-079e2a8484ee,freshwater-plumbers-and-maintenance,Freshwater Plumbers and Maintenance,Other KZN,true,false,directory_record,3,true,generated_template_description,manual_review
01f5873e-8f4a-4a11-a544-fc1ce47d89b0,frogs-plumbing,Frogs Plumbing,Durban North,true,false,directory_record,2,false,missing_services|generated_template_description,manual_review
dae52bf3-de58-4154-b940-9d7b86f48c07,shf-projects,SHF Projects,Durban North,true,false,directory_record,1,false,missing_services|generated_template_description,manual_review
f6831beb-ffd8-418c-b427-2e22ad304cb4,g-and-n-plumbing,G and N Plumbing,Durban North,true,false,directory_record,2,false,missing_services|generated_template_description,manual_review
69980438-3688-4f6a-a2fb-1bfa60f8da94,g4-plumbing-solutions,G4 Plumbing Solutions,Durban North,true,false,directory_record,3,true,missing_services,manual_review
58e24274-5c34-4bba-9160-fca9bf4c36dd,g6-plumbing-and-civils,G6 Plumbing and Civils,Ballito,true,false,directory_record,3,true,generated_template_description,manual_review
14616849-28ad-4545-9b05-00cc9e870127,garden-caurt-ulundi,Garden Caurt Ulundi,Richards Bay,true,false,directory_record,1,false,missing_services|generated_template_description,manual_review
ac095863-97cf-45fc-b943-739b018d3466,gas-monkey-plumbing,Gas Monkey Plumbing,Other KZN,true,false,directory_record,2,true,missing_services|generated_template_description,manual_review
36ce7ce8-2a1d-455d-8612-6798603564d5,energy-shop,Energy Shop,Durban North,true,false,directory_record,3,true,missing_services,manual_review
953518a9-9d47-42f3-9b1b-5529aece99e5,ga-air,GA-AIR,PMB,true,false,directory_record,2,false,missing_services|generated_template_description,manual_review
536d50b5-a5e9-4be4-83dc-633405321c13,gdar-properties,GDAR Properties,Ballito,true,false,directory_record,2,false,missing_services|generated_template_description,manual_review
b1df0ebd-45f9-4df6-923d-8c14cf6734c2,geleza-nathi,Geleza Nathi,Durban South,true,false,directory_record,2,false,missing_services|generated_template_description,manual_review
e51c4824-9a9c-4348-82d4-338b29f03bd3,genesis-plumbing-ii,Genesis Plumbing II,Newcastle,true,false,directory_record,2,true,missing_services,manual_review
3a3afa68-5cd4-415d-a83d-39c37466789c,geyser-rescue-24,Geyser Rescue 24,Other KZN,true,false,directory_record,2,true,missing_services|generated_template_description,manual_review
87fb9fcb-2cac-45cd-a59e-32d17541558a,glenwood-paint-and-hardware,Glenwood Paint and Hardware,Durban South,true,false,directory_record,2,true,missing_services|generated_template_description,manual_review
b4f95cc4-fa73-4162-bc95-72703f983ec2,glenwood-plumbers,Glenwood Plumbers,Durban North,true,false,directory_record,2,false,missing_services|generated_template_description,manual_review
63285c99-55ff-4e04-b5de-eb3b3178e059,gmc-pipeworks,Gmc Pipeworks,Pinetown,true,false,directory_record,3,true,missing_services,manual_review
d01d52de-07dd-4b54-929d-414cf6427b5a,gmd-plumbers,GMD Plumbers,Other KZN,true,false,directory_record,2,false,missing_services|generated_template_description,manual_review
e59d6733-f401-4bea-a3a2-515a2cee1edf,gmr-builders,GMR Builders,Other KZN,true,false,directory_record,2,false,missing_services|generated_template_description,manual_review
04b31ccb-8640-4263-bb59-e1a5982f0593,golden-touch-plumbing,Golden Touch Plumbing,Pinetown,true,false,directory_record,1,false,missing_services|generated_template_description,manual_review
6dfab310-0a0c-4e43-ba88-a1a4b034ae06,gregs-plumbing,Gregs Plumbing,Richards Bay,true,false,directory_record,1,false,missing_services|generated_template_description,manual_review
f87d2431-eac5-4507-9578-4e224efd6ad3,grindstone-pm,Grindstone PM,Other KZN,true,false,directory_record,1,false,missing_services|generated_template_description,manual_review
4d36edb8-b083-48f0-821a-424f42f468e2,group-rite-plumbers,Group Rite Plumbers,Durban North,true,false,directory_record,2,false,missing_services|generated_template_description,manual_review
e9d67568-ecea-4258-b96c-018683aaa266,group-s-a,Group S.A,PMB,true,false,directory_record,1,false,missing_services|generated_template_description,manual_review
9ff134b9-af08-4b5c-90f4-7618c4219610,gugulemvelo-plumbers,Gugulemvelo plumbers,Durban North,true,false,directory_record,1,false,missing_services|generated_template_description,manual_review
8405ba88-dc45-40eb-81de-46d56138471d,gvb-plumbing-and-solar,GVB Plumbing and Solar,Newcastle,true,false,directory_record,3,true,generated_template_description,manual_review
7c38a48f-14b0-4ecf-9984-7333d5873c2f,gvk-siya-zama-building-contractors,GVK Siya Zama Building Contractors,Durban North,true,false,directory_record,1,true,missing_services|generated_template_description,manual_review
772c65a1-25f3-400f-bd9e-ef9f87b041e5,h-a-van-der-laan-kie,H.A Van Der Laan & Kie,Newcastle,true,false,directory_record,1,false,missing_services|generated_template_description,manual_review
b23ee12e-b5e3-4570-a85e-04a826ba9b0a,h-l-g-plumbing-sanitation,H.L.G Plumbing & Sanitation,Other KZN,true,false,directory_record,2,false,missing_services|generated_template_description,manual_review
2217a256-b781-4780-824b-5b5ecef98fb0,h2o2u,H2o2u,Other KZN,true,false,directory_record,2,false,missing_services|generated_template_description,manual_review
7c143f70-e71a-48a3-8594-fd2be6402d96,hajee-plumbing-services,Hajee Plumbing Services,Durban North,true,false,directory_record,3,true,missing_services,manual_review
32ce84bb-a073-40a6-af93-44a33b608fc0,handyman-dbn,Handyman DBN,Durban North,true,false,directory_record,2,true,missing_services,manual_review
3b305c78-c368-4b00-b3a5-2dc4f78e52ac,hardy-plumbers,Hardy Plumbers,Richards Bay,true,false,directory_record,2,true,missing_services|generated_template_description,manual_review
3d9d0fb5-6185-4c21-becf-c8b3bdf5ac85,harry-gwala-district-municipality,Harry Gwala District Municipality,Other KZN,true,false,directory_record,3,true,missing_services|entity_type_review,manual_review
26976631-0d03-4c96-af85-76ec4c2f1acd,hazymans-plumbers,HazyMans Plumbers,Durban North,true,false,directory_record,2,false,missing_services|generated_template_description,manual_review
25ad9809-afc2-466e-8f25-161202a5d6a9,hean-mcdougall-projects,Hean & McDougall Projects,Durban North,true,false,directory_record,1,false,missing_services|generated_template_description,manual_review
99fbb95f-d9db-45eb-9c68-57328970366c,hi-tec-plumbing,Hi-Tec Plumbing,Durban North,true,false,directory_record,2,false,missing_services|generated_template_description,manual_review
f0ddf1a4-fad2-4667-807e-14333bcfc05c,hibiscus-retirement-village,Hibiscus Retirement Village,South Coast,true,false,directory_record,2,true,generated_template_description,manual_review
654229b1-1b6b-446b-89d4-14a8642c0675,highway-coastal-plumbing,Highway & Coastal Plumbing,Durban North,true,false,directory_record,3,true,missing_services,manual_review
c792c563-58a5-4077-8eb7-953b180cea20,hlomani-plumbing-contracters,Hlomani Plumbing Contracters,Other KZN,true,false,directory_record,2,false,missing_services|generated_template_description,manual_review
d210c3aa-8fd9-45ab-96fd-c0f9cc3ea1da,hlombe-trading-enterprise,Hlombe Trading Enterprise,Durban South,true,false,directory_record,2,false,missing_services|generated_template_description,manual_review
2f37e68b-932f-4fd6-8f37-ea285f4b8e63,hms-plumbing,HMS Plumbing,Other KZN,true,false,directory_record,2,false,missing_services|generated_template_description,manual_review
a8c3e441-c8c2-4a82-b60c-920a78469730,hohls-farming,Hohls Farming,Richards Bay,true,false,directory_record,3,true,generated_template_description,manual_review
f5ceef0d-ac3f-4a7f-b17c-dc06f029b2c1,holtz-plumbing,Holtz Plumbing,Durban South,true,false,directory_record,2,false,missing_services|generated_template_description,manual_review
078dc0c9-e738-493b-88e4-129bfca99ac3,howick-electrical-and-plumbing-solar,Howick Electrical and Plumbing Solar,PMB,true,false,directory_record,3,true,generated_template_description,manual_review
4074be94-4b22-4d62-9821-adaf948db9ff,hydro-plumbing,Hydro-Plumbing,Other KZN,true,false,directory_record,2,false,missing_services|generated_template_description,manual_review
6f9ec1bf-02e2-48c9-a54b-977850fe0ba3,i-h-systems,I H Systems,Durban North,true,false,directory_record,1,true,missing_services|generated_template_description,manual_review
7673f18a-6d16-4d68-9ec6-bd8e627f2666,ic-plumbing,IC.Plumbing,Durban North,true,false,directory_record,1,false,missing_services|generated_template_description,manual_review
cb59f366-5ed8-4c27-863c-b3a457145020,ideal-home-builders,Ideal Home Builders,Durban North,true,false,directory_record,2,true,missing_services,manual_review
1458fb14-0d38-4df0-84c3-56606b4ceda2,illima-energy-management,Illima Energy Management,Durban South,true,false,directory_record,2,true,missing_services|entity_type_review,manual_review
551ce6ab-b1da-4c0b-a801-270c6b44bf17,imbazo-trading,Imbazo Trading,Durban North,true,false,directory_record,1,false,missing_services|generated_template_description,manual_review
c5121a1d-1b21-4248-8549-adffc5777a2a,inala-trainig-development,Inala Trainig & Development,Durban South,true,false,directory_record,2,false,missing_services|generated_template_description,manual_review
10824364-5932-4455-8ea8-7b4d042a5d69,indepth-plumbers,Indepth Plumbers,Durban South,true,false,directory_record,2,false,missing_services|generated_template_description,manual_review
23ecd6c5-3489-4ad6-b099-b3fe126f2c23,ingwe-plumbers,Ingwe Plumbers,Durban North,true,false,directory_record,2,true,missing_services|generated_template_description,manual_review
c26772fa-cf24-45de-a884-265cbcc2a011,inkwa-trading,Inkwa Trading,Durban South,true,false,directory_record,3,true,generated_template_description,manual_review
fc9e6cd2-51d8-4b11-8511-8dc716105c83,inky-s-plumbers,Inky's Plumbers,Durban South,true,false,directory_record,2,false,missing_services|generated_template_description,manual_review
25a41e62-2f0f-4851-a6d3-e1c105f60be7,inyameko-trading-1577,Inyameko Trading 1577,Other KZN,true,false,directory_record,2,false,missing_services|generated_template_description,manual_review
ea567d85-7b6c-488b-9e62-9f43802c48f6,iphi-ntombi-u-africa-consultants,IPHI Ntombi U-Africa Consultants,Ballito,true,false,directory_record,1,false,missing_services|generated_template_description,manual_review
6b4aa9b7-890e-4dab-b3b9-2b7f8b963a97,iphupho-projects,Iphupho Projects,Durban South,true,false,directory_record,2,false,missing_services|generated_template_description,manual_review
6f1b18ea-e12e-43bc-9392-616fb46f6fb5,isidingo-plumbers,Isidingo Plumbers,Durban North,true,false,directory_record,1,false,missing_services|generated_template_description,manual_review
6448962e-5f06-4621-9cec-f6d9bde50a1a,ithala-dev-finance-co-operation,IThala Dev-Finance Co-operation,Ballito,true,false,directory_record,2,true,missing_services,manual_review
d6217910-4257-4795-86df-738a343e96e6,izwe-plumbers,IZWE Plumbers,Other KZN,true,false,directory_record,1,false,missing_services|generated_template_description,manual_review
098fac1a-3ca9-4dd5-8346-a4934e3291ce,j-t-develpoment,J & T Develpoment,Ballito,true,false,directory_record,1,false,missing_services|generated_template_description,manual_review
396dd68f-cdba-4b0b-a5ec-1c6a15b9de6b,j-and-tt-plumbers-and-civilsworks,J and TT Plumbers and Civilsworks,Durban South,true,false,directory_record,3,true,generated_template_description,manual_review
57b1aee4-f3f1-4733-b0da-c3f21c29aa9b,jabez-plumbers-and-projects,Jabez Plumbers And Projects,Durban South,true,false,directory_record,3,true,missing_services,manual_review
a13a9f11-f213-44a1-beae-8033fa8e693e,jansen-plumbers,Jansen Plumbers,PMB,true,false,directory_record,2,false,missing_services|generated_template_description,manual_review
3835d87b-004d-4694-95b3-014149382dce,jared-mcnally-plumbing,Jared McNally Plumbing,Other KZN,true,false,directory_record,2,false,missing_services|generated_template_description,manual_review
003eaeed-ea7a-4fe3-9043-c5280691688a,jarryd-felt-plumbing-solutions,Jarryd Felt Plumbing Solutions,Other KZN,true,false,directory_record,2,false,missing_services|generated_template_description,manual_review
86e86d58-b8f4-49a6-8ff3-5be4fb129f18,jaygo-plumbman,Jaygo Plumbman,Durban North,true,false,directory_record,2,true,missing_services|generated_template_description,manual_review
4e0ca5f9-4070-4245-9313-1804b0f92bc3,jcs-consulting-services,JCS Consulting Services,Durban North,true,false,directory_record,3,true,generated_template_description,manual_review
b03acf48-bc4a-4e63-8210-691baa1ee402,jd-construction,JD Construction,Durban North,true,false,directory_record,1,true,missing_services|generated_template_description|entity_type_review,manual_review
d2d6d623-7ea0-4a45-af7f-f18456eba9e1,jd-de-beers-plumbers-and-building,JD De Beers Plumbers and Building,Durban South,true,false,directory_record,2,true,missing_services|generated_template_description,manual_review
04f6f06d-a9d9-43d6-ad5a-b5e99180d17d,jent-plumbers-and-pjojects,Jent Plumbers and Pjojects,Durban North,true,false,directory_record,2,false,missing_services|generated_template_description,manual_review
1bf6d376-3cea-4265-b815-2b80c7a546bc,jerr-enterprise,JERR Enterprise,Durban South,true,false,directory_record,1,false,missing_services|generated_template_description,manual_review
3adde167-b35a-4c20-b547-1b7a758b7aff,jil-plumbing,JIL Plumbing,Richards Bay,true,false,directory_record,1,true,missing_services|generated_template_description,manual_review
c5526001-5e4d-4964-99e6-9020f71a40e2,joe-boy-plumbing-building,Joe Boy Plumbing & Building,Durban North,true,false,directory_record,2,false,missing_services|generated_template_description,manual_review
fe3a4cbe-f761-4432-b57d-13abf56931f6,johnson-plumbing,Johnson Plumbing,Durban North,true,false,directory_record,1,false,missing_services|generated_template_description,manual_review
8f1b36cd-b9a8-44c1-9330-39fcbfc99c4f,jp-hulsen-plumbing,JP Hulsen Plumbing,Durban North,true,false,directory_record,2,false,missing_services|generated_template_description,manual_review
31ea2264-d442-4bfa-b147-44745ca018cb,jumpy-bean-plumbing,Jumpy Bean Plumbing,Other KZN,true,false,directory_record,1,false,missing_services|generated_template_description,manual_review
aeff5c75-946c-4f37-8810-e4b644fce0c0,jurgens-plumbers,Jurgens Plumbers,Durban North,true,false,directory_record,2,true,missing_services|generated_template_description,manual_review
bb048b9f-dcc2-496d-859a-2ef11ad275e9,just-geysers,Just Geysers,Other KZN,true,false,directory_record,3,true,missing_services,manual_review
34da1419-ca10-4542-b783-ccb57497b5cd,justen-trading,Justen Trading,Other KZN,true,false,directory_record,2,false,missing_services|generated_template_description,manual_review
235ada96-7fb9-4469-9c8a-af09f5166991,jwh-contractor,JWH Contractor,Durban South,true,false,directory_record,3,true,missing_services,manual_review
afa22ad4-a7a9-4e24-80c6-365fb7b28e1a,kairok-projects,Kairok Projects,Durban North,true,false,directory_record,3,true,missing_services,manual_review
00bbf2b3-6796-434e-af13-8c841dd6f8c8,kalmia-trading,Kalmia Trading,Other KZN,true,false,directory_record,1,false,missing_services|generated_template_description,manual_review
0953d1d6-4ef0-4cbc-ad90-46c63046f2c2,kanntuli-enterprise,KanNtuli Enterprise,Durban South,true,false,directory_record,2,false,missing_services|generated_template_description,manual_review
e7a8011c-21cc-4e4e-9823-3b5f0b6a0079,kc-plumbing,KC Plumbing,Other KZN,true,false,directory_record,2,false,missing_services|generated_template_description,manual_review
e6ab525e-fa4c-4c47-bcb5-4658417a5d54,kelnick-plumbing-and-civils,Kelnick Plumbing and civils,Durban North,true,false,directory_record,2,false,missing_services|generated_template_description,manual_review
b4c5175c-3e3a-4ab3-bc15-034b6d4a7b00,kevin-s-plumbers-and-general-contractors,Kevin's Plumbers and General Contractors,Other KZN,true,false,directory_record,2,true,missing_services|generated_template_description,manual_review
a7004b1b-6753-47a5-8ff4-458ed407d6fc,key-spirt-trading,Key Spirt Trading,Newcastle,true,false,directory_record,1,false,missing_services|generated_template_description,manual_review
56c99227-ba37-4f1b-bba9-1f9b8295d025,khethokuhle-plumbing-and-solutions,Khethokuhle Plumbing and Solutions,Durban North,true,false,directory_record,3,true,generated_template_description,manual_review
1deb4c89-312c-43b8-8a4a-9e0aa4895706,klause-fritsch-plumbers,Klause Fritsch Plumbers,Pinetown,true,false,directory_record,2,false,missing_services|generated_template_description,manual_review
c40aa2c5-256c-4a95-91eb-cb70e42537e6,klc-plumbing-services,KLC Plumbing Services,Richards Bay,true,false,directory_record,3,true,missing_services,manual_review
20cd90ff-98f2-490c-a4a8-a8245a3c8fa4,korvus-plumbers,Korvus Plumbers,Other KZN,true,false,directory_record,3,true,missing_services,manual_review
f677332b-607e-43a4-9f97-e9a086847511,ks-projects,KS Projects,Other KZN,true,false,directory_record,2,false,missing_services|generated_template_description,manual_review
b378abfd-802b-4cf1-931b-6a51d5beebdd,kuhlekonke-plumbers,Kuhlekonke Plumbers,Ballito,true,false,directory_record,2,false,missing_services|generated_template_description,manual_review
aac73263-1851-456d-b8a3-e4fd6e2ac920,kumarasen-kesavan,Kumarasen Kesavan,Other KZN,true,false,directory_record,2,false,missing_services|generated_template_description,manual_review
a1670f75-9436-478d-941c-8afcc79764d8,kwaman21-plumbing-services,Kwaman21 Plumbing Services,Ballito,true,false,directory_record,2,true,missing_services,manual_review
8a67a14c-20a4-473b-84aa-2c5d26be184a,kwangwane-contracting-and-trading,Kwangwane Contracting and Trading,Durban North,true,false,directory_record,3,true,missing_services,manual_review
9a09a233-80af-43e9-a538-aee40f81f0d1,kwik-fix,Kwik Fix,Durban South,true,false,directory_record,3,true,generated_template_description,manual_review
4989386b-85d6-4c7d-af9b-7d6a3bf57dfe,kwikot-haier-sa,Kwikot Haier SA,Durban North,true,false,directory_record,2,true,generated_template_description,manual_review
317b1c82-5ebc-4fb3-8f98-de20dbfe3cc7,kws-eco-solutions,KWS Eco Solutions,Richards Bay,true,false,directory_record,1,false,missing_services|generated_template_description,manual_review
4a1c5814-bdc6-4739-af27-0abe06bc3586,kzn-plumbers,KZN Plumbers,Ballito,true,false,directory_record,1,false,missing_services|generated_template_description,manual_review
0b82f876-de09-4cfc-b85a-6a0494eaf06d,kzn-solar,KZN Solar,Other KZN,true,false,directory_record,2,true,missing_services|generated_template_description,manual_review
da411a1f-4dcc-42d3-8968-6a0b9db02b63,kzn-waterworx,KZN Waterworx,Durban North,true,false,directory_record,2,true,missing_services|generated_template_description,manual_review
e68b7f8b-099b-4b4d-aa6a-8988f2f177be,l-a-building-and-plumbing,L & A Building and Plumbing,Durban North,true,false,directory_record,2,false,missing_services|generated_template_description,manual_review
68d78c98-79f7-408c-90e4-144482d1c848,l-and-l-construction,L And L Construction,Durban North,true,false,directory_record,3,true,missing_services|entity_type_review,manual_review
b888ee03-f690-4e76-a13c-20c421973e05,goodwill-plumbing-civils,Goodwill Plumbing & Civils,Ballito,true,false,directory_record,2,false,missing_services|generated_template_description,manual_review
f5311a15-72ae-429e-84de-70e1074387ce,la-plumbing-and-maintenance,LA Plumbing and Maintenance,Richards Bay,true,false,directory_record,3,true,generated_template_description,manual_review
2fab5638-1aae-4cfd-a2fd-dbfaa4beb646,lb-plumbers-durban,LB Plumbers (Durban),Durban North,true,false,directory_record,2,true,missing_services,manual_review
8b186a55-b6c4-41f8-a487-30165bad65ec,lifeprep-college,LifePrep College,Durban North,true,false,directory_record,1,false,missing_services|generated_template_description|entity_type_review,manual_review
84df6020-66a4-4c9f-8d59-afca91885cab,lindsey-s-plumbing-services,Lindsey's Plumbing Services,Ballito,true,false,directory_record,3,true,missing_services,manual_review
7758ebff-63f1-4667-b86e-1575bbf62cb4,linshaw-projects-plumbing,Linshaw Projects & Plumbing,Durban North,true,false,directory_record,2,false,missing_services|generated_template_description,manual_review
0f8f781e-422b-4822-885d-fd1ab1bcef92,liquidcool-projects,Liquidcool Projects,Ballito,true,false,directory_record,3,true,generated_template_description,manual_review
eacf6803-0ba8-4cf0-963a-a60d0211a43c,listers-plumbing,Listers Plumbing,Other KZN,true,false,directory_record,2,false,missing_services|generated_template_description,manual_review
8209be73-680b-4de8-90d9-8e2cb2f04978,londelihle-plumbers,Londelihle Plumbers,Durban North,true,false,directory_record,3,true,generated_template_description,manual_review
8e2c3b94-3ea3-47d9-a7b9-3f3a419703cd,london-plumbers,London Plumbers,Durban North,true,false,directory_record,1,false,missing_services|generated_template_description,manual_review
344b75e8-d1df-4d4c-9857-aee5e39e053d,longdrop-plumbers,Longdrop Plumbers,Other KZN,true,false,directory_record,2,false,missing_services|generated_template_description,manual_review
9e53ce53-8a8a-47af-8906-ce6baf339d24,lukuthe-projects,Lukuthe Projects,Other KZN,true,false,directory_record,2,false,missing_services|generated_template_description,manual_review
5eca0e89-1ba3-479b-94db-9bd9e3fa626f,m-and-d-murugan,M and D Murugan,Ballito,true,false,directory_record,2,false,missing_services|generated_template_description,manual_review
feeb6ecc-20f1-49a5-b60c-056ee5d48d83,m-and-g-plumbing-services,M and G Plumbing Services,Durban North,true,false,directory_record,3,true,missing_services,manual_review
0c6e9c88-7bf8-4f4a-a9af-1284248d65ac,mac-mac-plumbing-ballito,Mac Mac Plumbing Ballito,Ballito,true,false,directory_record,1,false,missing_services|generated_template_description,manual_review
a97474cd-3248-4ebd-8c39-35e783a7f9a7,macks-plumbing,Macks Plumbing,PMB,true,false,directory_record,2,false,missing_services|generated_template_description,manual_review
4a71b49f-5d44-4fca-9b5f-ea5c1325ebf3,madadeni-hospital,Madadeni Hospital,Newcastle,true,false,directory_record,2,false,missing_services|generated_template_description,manual_review
326b184d-64cf-425e-9c9f-3637d42b6234,y-r-developers,Y&R Developers,Newcastle,true,false,directory_record,2,true,missing_services,manual_review
112d1141-4cda-4f8d-9a5a-d91f25b09b30,magulukwe-contracting-trading,Magulukwe Contracting Trading,Durban North,true,false,directory_record,2,false,missing_services|generated_template_description,manual_review
9515033e-a681-41d9-ae7c-52466ecbaaa8,mahil-construction,Mahil Construction,Other KZN,true,false,directory_record,2,false,missing_services|generated_template_description|entity_type_review,manual_review
c271c803-2da9-4fbe-bd63-f93d4134486b,mahlombe-plumbing-construction,Mahlombe Plumbing & Construction,Other KZN,true,false,directory_record,2,false,missing_services|generated_template_description|entity_type_review,manual_review
9e3017c9-911c-496d-bfbd-decc78ee5b43,majuba-tvet-college,Majuba TVET College,Durban North,true,false,directory_record,2,false,missing_services|generated_template_description|entity_type_review,manual_review
3bedd2d1-2152-4172-a7a0-76d5c7212e5f,makhanya-s-plumbing,Makhanya's Plumbing,Other KZN,true,false,directory_record,2,false,missing_services|generated_template_description,manual_review
1f2582b3-0ce8-4d39-b02a-d46c2263c75f,malobela-plumbing-and-drainlaying,Malobela Plumbing And Drainlaying,Other KZN,true,false,directory_record,2,false,missing_services|generated_template_description,manual_review
bc8a8a1f-f70f-4994-a28b-864cf739f8b9,mangosuthu-university,Mangosuthu University,Durban North,true,false,directory_record,2,false,missing_services|generated_template_description|entity_type_review,manual_review
205e7be3-d526-4ed2-81c1-394e322168d7,mani-mor-plumbers,Mani-Mor Plumbers,Durban North,true,false,directory_record,2,false,missing_services|generated_template_description,manual_review
4d9266d8-9bf3-40fc-bb3c-c63845f06c43,mannix-plumbers,Mannix Plumbers,Other KZN,true,false,directory_record,2,false,missing_services|generated_template_description,manual_review
9b60e353-76fd-4722-a056-5da576845ffb,maphomolo-a-construction-and-trading,Maphomolo A Construction And Trading,Durban North,true,false,directory_record,2,false,missing_services|generated_template_description,manual_review
0ac78a35-ae97-4d7e-85e8-f219aaa1c97f,mark-joubert-plumbing,Mark Joubert Plumbing,PMB,true,false,directory_record,2,false,missing_services|generated_template_description,manual_review
fc0aca58-6722-4090-b25e-0a7023bea143,masakhane-properties,Masakhane Properties,Richards Bay,true,false,directory_record,2,true,missing_services,manual_review
c9c2510b-bcc4-4c6f-8262-44803bc49e5c,masibambane-business-enterprise,Masibambane Business Enterprise,Other KZN,true,false,directory_record,2,false,missing_services|generated_template_description,manual_review
da4efee1-5ecc-431c-a866-9f9ddc1659ad,plumbing-g-i-a,Plumbing G.I.A,Other KZN,true,false,directory_record,2,false,missing_services|generated_template_description,manual_review
c95d7dcd-2280-440c-a80c-a21e8bc74b28,all-star-projects,All Star Projects,Pinetown,true,false,directory_record,2,false,missing_services|generated_template_description,manual_review
c1721de8-d52d-4a67-a0e2-c246d321b028,matiyose-services,Matiyose Services,Other KZN,true,false,directory_record,1,false,missing_services|generated_template_description,manual_review
74d30a0b-993e-4d95-bf5a-162d3bb8b3d4,matriarch-contractors,Matriarch Contractors,Richards Bay,true,false,directory_record,2,true,missing_services|generated_template_description,manual_review
6e2b9e6e-e834-486e-beec-67c40c3d9b4e,maurice-engineering,Maurice Engineering,Other KZN,true,false,directory_record,2,false,missing_services|generated_template_description,manual_review
00bf0c60-6b3a-4585-8a20-9c8916f84eee,mc-ewan-plumbing,Mc Ewan Plumbing,PMB,true,false,directory_record,2,false,missing_services|generated_template_description,manual_review
555dccef-08e8-4695-94a4-1b06198a96d0,mdk-plumbing,MDK Plumbing,Pinetown,true,false,directory_record,3,true,generated_template_description,manual_review
ace8baff-a2e7-4e75-a97b-c5fff586008f,mdn-plumbers,MDN Plumbers,Durban North,true,false,directory_record,2,false,missing_services|generated_template_description,manual_review
ae8784d0-f6a8-47e6-adec-958f6ff941bd,melmoth-cartage-and-cement-products,Melmoth Cartage and Cement Products,Richards Bay,true,false,directory_record,2,false,missing_services|generated_template_description,manual_review
4987dfa7-4cf1-4f5c-a7ac-707143d77271,melokhule-enterprises,Melokhule Enterprises,Pinetown,true,false,directory_record,2,false,missing_services|generated_template_description,manual_review
c5825f6a-dfaf-4744-a2ba-fe9e7c340852,mervrite-plumbers,Mervrite Plumbers,Durban North,true,false,directory_record,2,false,missing_services|generated_template_description,manual_review
e2f7c424-5946-45f6-87e3-59262fa1aed5,mgd-projects,MGD Projects,Durban North,true,false,directory_record,1,false,missing_services|generated_template_description,manual_review
30cc71ca-e01a-4f77-a881-f9f440fa7526,middleton-plumbers,Middleton Plumbers,Durban South,true,false,directory_record,3,true,missing_services,manual_review
ad53f33f-c471-474d-b1d8-449f99d72297,midlands-plumbing-gas,Midlands Plumbing & Gas,Other KZN,true,false,directory_record,2,true,missing_services,manual_review
ae0b59a5-bc48-4db3-86ee-f5d8536059f3,pipeline-plumbers,Pipeline Plumbers,Richards Bay,true,false,directory_record,3,true,missing_services,manual_review
2b4a79e5-d83e-4662-87a2-ed7b7284a7bd,mkts-plumbers,MKTS Plumbers,Durban North,true,false,directory_record,2,false,missing_services|generated_template_description,manual_review
bedc6184-8922-4b0b-a93b-b6d72766ce44,mo-building-and-maintenance,MO Building and Maintenance,Durban North,true,false,directory_record,2,true,generated_template_description,manual_review
4d5709b7-17a0-4d02-885d-853ea00ca3c2,montebello-hospital,Montebello Hospital,PMB,true,false,directory_record,3,true,missing_services,manual_review
5e281900-b87d-439a-9866-bce60296867e,montys-plumbing-and-civils,Montys Plumbing and Civils,Durban North,true,false,directory_record,2,false,missing_services|generated_template_description,manual_review
5f76b290-1d31-436f-a090-ba2d3ce2c4aa,motseng-property-services,Motseng Property Services,Durban North,true,false,directory_record,2,false,missing_services|generated_template_description,manual_review
1ae0d371-89c8-4a5c-a13e-41ca75d43003,mp-govender-trading,MP Govender Trading,Durban North,true,false,directory_record,2,false,missing_services|generated_template_description,manual_review
ab988413-6805-4e41-a527-55b262d9488f,mpatho-plumbing-and-projects,Mpatho Plumbing and Projects,Other KZN,true,false,directory_record,2,true,generated_template_description,manual_review
51f8a3fc-c304-4176-b05c-2c979cd54ac2,mr-fix-it,Mr Fix It,Durban North,true,false,directory_record,3,true,generated_template_description,manual_review
24eb8079-5dfa-4a43-8012-9170c07d1440,mshishi-four-trading,Mshishi Four Trading,Durban South,true,false,directory_record,3,true,generated_template_description,manual_review
fd206a65-87ce-4ffb-873d-370d8325c70c,mtl-training-projects,MTL Training & Projects,Other KZN,true,false,directory_record,2,true,missing_services,manual_review
6e495bf8-cc4e-4092-ad6f-cc0bd1856db9,musa-s-plumbing-and-general-construction,Musa's Plumbing and General construction,Other KZN,true,false,directory_record,2,false,missing_services|generated_template_description|entity_type_review,manual_review
c1b54539-74f7-437c-928a-9ed7d850094f,mystical-ice-trading,Mystical Ice Trading,PMB,true,false,directory_record,1,false,missing_services|generated_template_description,manual_review
b6d077e1-b122-48b3-89cf-349c23646710,mzantsi-contractors,Mzantsi Contractors,Durban North,true,false,directory_record,2,true,missing_services|generated_template_description,manual_review
f9470fe1-1c2a-4209-aa57-139781b32405,mzwengwenya-projects,Mzwengwenya Projects,Other KZN,true,false,directory_record,3,true,missing_services,manual_review
357593bc-76b1-468f-bc70-6c8a43627d95,naomeeya,NaoMeeya,Other KZN,true,false,directory_record,1,false,missing_services|generated_template_description,manual_review
2c82d28f-3df7-4196-a969-dd560097195e,natal-plumbers-and-builders,Natal Plumbers and Builders,Richards Bay,true,false,directory_record,3,true,missing_services,manual_review
11633584-d24e-42a9-84c2-d9097a37d845,natal-spa-resort,Natal Spa Resort,Newcastle,true,false,directory_record,1,false,missing_services|generated_template_description,manual_review
66c7360c-252b-4c71-aad2-8569712b8efd,national-fire-safety,National Fire & Safety,PMB,true,false,directory_record,1,false,missing_services|generated_template_description,manual_review
f3cd28ee-769a-4a8b-a91a-2adc59cb5b4d,nazo-management,Nazo Management,Other KZN,true,false,directory_record,2,false,missing_services|generated_template_description,manual_review
68efacde-1917-4443-bcb3-d01adfacf2aa,ndabeziningi,Ndabeziningi,Durban North,true,false,directory_record,1,false,missing_services|generated_template_description,manual_review
b020c989-2596-406b-be4f-dc992d929097,nell-plumbers,Nell Plumbers,Other KZN,true,false,directory_record,2,true,missing_services,manual_review
1a2c1d1c-c677-4bbe-aca0-5ca13388a77f,sustainable-pro,Sustainable Pro,Durban North,true,false,directory_record,2,true,missing_services|generated_template_description,manual_review
720b59bd-f4a5-444a-ab83-7fb35f2de983,new-era-plumbers,New Era Plumbers,Durban North,true,false,directory_record,2,false,missing_services|generated_template_description,manual_review
3b724fbd-e7d2-4b17-95d2-92d89132639c,new-tech-plumbing,New Tech Plumbing,Richards Bay,true,false,directory_record,3,true,missing_services,manual_review
f12b9aff-738d-4740-9780-62f5adf4806d,ngaphezulu-industrial-enterprises,Ngaphezulu Industrial Enterprises,Other KZN,true,false,directory_record,1,true,missing_services|generated_template_description,manual_review
97ee381e-bcf8-4a4a-b78d-9b10b1d44f06,ngqung-quthela-trading,Ngqung Quthela Trading,Durban North,true,false,directory_record,2,false,missing_services|generated_template_description,manual_review
752fe1be-48dd-4b1c-9542-233145730e45,ngwelezane-hospital,Ngwelezane Hospital,Richards Bay,true,false,directory_record,1,false,missing_services|generated_template_description,manual_review
6a31941c-d4a0-4f9e-8de5-565f1271e924,niccill-plumbing,Niccill Plumbing,South Coast,true,false,directory_record,2,false,missing_services|generated_template_description,manual_review
898a0f40-ef00-48d8-ad21-376010813dce,nicholson-plumbing-solutions,Nicholson Plumbing Solutions,Other KZN,true,false,directory_record,2,false,missing_services|generated_template_description,manual_review
8ff0387b-d486-4daf-9bae-e9a7802881dc,nirdar-dream-company,Nirdar Dream Company,Other KZN,true,false,directory_record,2,false,missing_services|generated_template_description,manual_review
0d3bc40f-e61e-4184-aa1b-38d65430211f,nix-projects,Nix Projects,Durban South,true,false,directory_record,2,false,missing_services|generated_template_description,manual_review
f8517f2a-984e-461c-9804-c724e78a5e29,njh-plumbers,NJH Plumbers,Durban North,true,false,directory_record,2,false,missing_services|generated_template_description,manual_review
52659d57-bfcb-4c3d-983e-b15ab0572560,nkalipho-construction,Nkalipho Construction,Durban South,true,false,directory_record,2,false,missing_services|generated_template_description|entity_type_review,manual_review
b3f8e075-2f88-4194-a22a-a921d2b87843,nkomishana-trading-projects,Nkomishana Trading & Projects,Durban South,true,false,directory_record,2,false,missing_services|generated_template_description,manual_review
708992a5-1882-49d0-9df1-b19887cd8da7,nkunzi-plumbers,Nkunzi Plumbers,Other KZN,true,false,directory_record,1,false,missing_services|generated_template_description,manual_review
0898208d-b70c-483f-bff2-59d5b53ab0f9,nmr-plumbing,NMR Plumbing,PMB,true,false,directory_record,1,false,missing_services|generated_template_description,manual_review
77dd5fee-8190-4082-9c2d-8e41234d5401,nn-projects,NN Projects,Durban North,true,false,directory_record,2,false,missing_services|generated_template_description,manual_review
359c32af-5074-4066-bee7-475e614781e4,nolrich-consulting,Nolrich Consulting,Durban North,true,false,directory_record,3,true,generated_template_description,manual_review
bc0a6b66-97bf-4422-ada4-15d7c63b7a32,nomazwe-plumbers,Nomazwe Plumbers,Durban North,true,false,directory_record,2,false,missing_services|generated_template_description,manual_review
dcbd01fa-17f3-4639-9901-a1b5f398ff0e,nombela-contractors,Nombela Contractors,Durban North,true,false,directory_record,3,true,missing_services,manual_review
7a293094-1aba-48a3-9ada-190fb75fb8bb,north-coast-construction,North Coast Construction,Durban North,true,false,directory_record,1,true,missing_services|generated_template_description|entity_type_review,manual_review
51d48824-8fba-4651-a38f-677667baad6a,h-l-plumbing,H.L Plumbing,Other KZN,true,false,directory_record,1,true,missing_services|generated_template_description,manual_review
e76e9b74-58e6-429f-9703-c9ed7641e7b9,nqamuza,Nqamuza,Other KZN,true,false,directory_record,1,false,missing_services|generated_template_description,manual_review
51f3185a-c73f-48e2-9cf1-fab7631eb9b0,nu-moola-trading-durban,Nu - Moola Trading (Durban),Other KZN,true,false,directory_record,1,false,missing_services|generated_template_description,manual_review
d0d27a0a-3178-415f-878e-440a68d17628,nu-gen-plumbing-and-leak-detection,Nu-Gen Plumbing and Leak Detection,Durban South,true,false,directory_record,2,true,missing_services,manual_review
86301d58-3456-4baf-ac5a-b33006e9157f,oak-plumbers,OAK Plumbers,Other KZN,true,false,directory_record,2,false,missing_services|generated_template_description,manual_review
0f326cc6-b784-4420-beea-2ad4da83cf85,ocean-electrical-projects,Ocean Electrical Projects,Durban North,true,false,directory_record,2,false,missing_services|generated_template_description,manual_review
9c47d696-7259-4e0b-bcd1-0e56f450a676,one-time-plumbing-maintenance,One Time Plumbing & Maintenance,Ballito,true,false,directory_record,3,true,generated_template_description,manual_review
55fe6d4f-f759-4301-9995-8ab146d453fc,onshore-plumbing,Onshore Plumbing,Ballito,true,false,directory_record,3,true,missing_services,manual_review
2039691d-1f25-400f-be1d-2a33e68969a8,p-h-plumbers,P.H. Plumbers,Durban North,true,false,directory_record,3,true,missing_services,manual_review
b65551ff-3f65-42f0-97b1-627bed75c31a,p-o-plumbing-and-maintenance,P.O. Plumbing and maintenance,Other KZN,true,false,directory_record,3,true,generated_template_description,manual_review
b43e4da3-5d7e-488b-bac5-2dd99ce5c182,all-plum,All Plum,Other KZN,true,false,directory_record,1,true,missing_services|generated_template_description,manual_review
ceb31663-6894-4115-b3fb-98e574ceef6f,paus-plumbers-maintenance,Paus Plumbers & Maintenance,Durban North,true,false,directory_record,2,true,generated_template_description,manual_review
190921f6-d0af-4f5a-a2df-c5d13a95f2db,paxman-construction,Paxman Construction,Richards Bay,true,false,directory_record,2,false,missing_services|generated_template_description|entity_type_review,manual_review
1f6416e5-4f46-47a2-89d6-1c1ffb2cb804,pb-services,PB Services,Other KZN,true,false,directory_record,2,true,generated_template_description,manual_review
0ad2701d-64f6-43dd-8cda-8fd9a6329239,pe-construction-building-supplies,PE Construction & Building Supplies,Newcastle,true,false,directory_record,1,true,missing_services|generated_template_description,manual_review
26a0b69b-0b41-4126-b592-375fd6f22f95,perfect-plumbers-construction,Perfect Plumbers & Construction,Other KZN,true,false,directory_record,2,true,missing_services|entity_type_review,manual_review
26b19b9f-5074-45bd-92a2-d14ad8d364d4,phansi-phelulu-youth-consulting,Phansi Phelulu Youth Consulting,Durban North,true,false,directory_record,1,false,missing_services|generated_template_description,manual_review
9eb2db1a-5fa8-409a-8757-492ca48d4998,phil-williams-contractors,Phil Williams Contractors,Durban North,true,false,directory_record,2,true,missing_services,manual_review
53169b11-d53f-4b1d-be7d-75367a1a604c,phumulanis-plumbing-services,Phumulanis Plumbing Services,Ballito,true,false,directory_record,2,false,missing_services|generated_template_description,manual_review
935b950d-8079-4916-a510-26be3d839ea7,phungoshe-plumbers-and-civil,Phungoshe Plumbers and Civil,Other KZN,true,false,directory_record,1,false,missing_services|generated_template_description|entity_type_review,manual_review
1f58311a-3b80-4316-aaec-c794e28ef779,plumbing-solutions-kzn,Plumbing Solutions KZN,Durban South,true,false,directory_record,2,false,missing_services|generated_template_description,manual_review
db92a572-6931-4509-ae4f-f6dd2812cb64,pipework-plumbers,Pipework Plumbers,Ballito,true,false,directory_record,3,true,generated_template_description,manual_review
cb36f226-0ccf-405d-add8-8bd7d34c6e93,pipeworx-plumbing,Pipeworx Plumbing,Other KZN,true,false,directory_record,1,true,missing_services|generated_template_description,manual_review
d0111f0b-50ab-4a44-b937-2813c86c92d3,pissarra-plumbers,Pissarra Plumbers,Other KZN,true,false,directory_record,2,false,missing_services|generated_template_description,manual_review
2f59b1a9-6c44-45cd-939e-08e523f28d6d,pj-s-plumbers-durban,PJ's Plumbers (Durban),Durban North,true,false,directory_record,2,true,missing_services|generated_template_description,manual_review
1dc33e8a-af04-4beb-9d96-ee493850c16a,rapid-servic,Rapid Servic,Durban North,true,false,directory_record,3,true,missing_services,manual_review
a53937d3-6b00-4a53-a6ac-fe5c237ea60b,plumb-coring,Plumb & Coring,Other KZN,true,false,directory_record,2,true,missing_services|generated_template_description,manual_review
300969e1-b5f4-49e7-a218-8b7def4b6f09,plumb-group,Plumb Group,Other KZN,true,false,directory_record,1,false,missing_services|generated_template_description,manual_review
784c5086-0da7-4bcb-bec3-d39f1338550e,plumb-it-plumbing-repairs-installations,Plumb It Plumbing Repairs Installations,Other KZN,true,false,directory_record,3,true,generated_template_description,manual_review
e9376d37-2c99-4531-a65a-a2504949e214,plumb-pro-s,Plumb Pro's,Other KZN,true,false,directory_record,1,true,missing_services|generated_template_description,manual_review
3e7f3bcb-1c98-42e7-8f44-fb9eb1a850d4,plumbcare,Plumbcare,Durban North,true,false,directory_record,2,false,missing_services|generated_template_description,manual_review
94f2d9d4-1d9a-4be6-93ac-9adbd35ecb96,plumbcrazy-kzn,Plumbcrazy Kzn,Durban North,true,false,directory_record,2,false,missing_services|generated_template_description,manual_review
b1a9040c-56fa-4daf-ac2b-0b8e2f92a077,plumber-boyz,Plumber Boyz,Newcastle,true,false,directory_record,2,false,missing_services|generated_template_description,manual_review
c29ce8fe-a09b-4d4d-b44d-c7e1c3570274,plumbers-civil,Plumbers & Civil,Ballito,true,false,directory_record,2,true,missing_services|generated_template_description|entity_type_review,manual_review
f1be400a-0f39-4480-9604-ee31ad58c081,plumbers-corner,Plumbers Corner,Other KZN,true,false,directory_record,2,false,missing_services|generated_template_description,manual_review
ab5ad5f5-4446-4b1c-9f64-c140bb305862,plumbers-n-pipes,Plumbers N Pipes,Durban North,true,false,directory_record,1,true,missing_services|generated_template_description,manual_review
eee5d484-1035-470a-b057-aa384eb7d2c4,plumbing-excellence,Plumbing Excellence,Durban North,true,false,directory_record,2,true,missing_services|generated_template_description,manual_review
f3eec1c1-0831-4613-a6f6-e91fdc9f0c3b,plumbing-tech-and-civils,Plumbing Tech and Civils,Other KZN,true,false,directory_record,2,true,generated_template_description,manual_review
bc63e813-d0a9-4d48-a50d-46ff8b97078e,plumbinn-consulting-services,Plumbinn Consulting Services,Durban South,true,false,directory_record,2,false,missing_services|generated_template_description,manual_review
222ad5ae-fb74-4af5-ab86-b7a3309d86ec,plumbit-rite,Plumbit Rite,Durban North,true,false,directory_record,1,false,missing_services|generated_template_description,manual_review
d975c129-797f-48be-8873-b637ad731186,plumblogic,Plumblogic,Newcastle,true,false,directory_record,2,false,missing_services|generated_template_description,manual_review
b35d2f91-1ddb-444f-8dd6-f892184a9af9,plumbmann-and-sons,Plumbmann and Sons,Other KZN,true,false,directory_record,2,true,missing_services|generated_template_description,manual_review
4bf0727d-d631-4b71-b098-6f18e7611f60,plumbmart,Plumbmart,Other KZN,true,false,directory_record,2,false,missing_services|generated_template_description,manual_review
4c3c0f9f-f660-4f67-9c97-7740d150061c,plumbmart-plumbing,Plumbmart Plumbing,Durban North,true,false,directory_record,3,true,missing_services,manual_review
80b7cc84-272f-452b-a5f1-260681c92128,plumbmaster,Plumbmaster,Other KZN,true,false,directory_record,3,true,missing_services,manual_review
ff29e11e-0585-4735-a425-2ad50ab3d003,plumboy-sa,Plumboy SA,Durban North,true,false,directory_record,3,true,missing_services,manual_review
9a2f8c82-f2c2-4418-9518-863a648706bb,plumbsa,PlumbSa,Durban North,true,false,directory_record,1,false,missing_services|generated_template_description,manual_review
7571506e-38c5-412b-a1b5-b171e7a98a70,plumbstead-plumbers,Plumbstead Plumbers,Durban North,true,false,directory_record,2,true,missing_services|generated_template_description,manual_review
8e5af5ec-e352-463e-9249-fe6e996faa85,plumbwave,Plumbwave,Durban North,true,false,directory_record,2,false,missing_services|generated_template_description,manual_review
37cf881e-ed53-44d6-88e8-2163b8adae2a,plumryt-trading,Plumryt Trading,Other KZN,true,false,directory_record,2,false,missing_services|generated_template_description,manual_review
f1f3c8eb-e1b2-4d9b-b1f0-570521ced923,plumsure-plumbers,Plumsure Plumbers,Durban North,true,false,directory_record,2,false,missing_services|generated_template_description,manual_review
96129f06-e7f3-4706-ab8a-0ee8a352d394,plupacati-plumbers,Plupacati Plumbers,Other KZN,true,false,directory_record,2,false,missing_services|generated_template_description,manual_review
a6be0f44-5727-4a04-8fb4-0c66d0bc873b,pmes-enterprizes,PMES Enterprizes,Other KZN,true,false,directory_record,1,false,missing_services|generated_template_description,manual_review
8c336d5e-0a78-4986-9799-84497f8afc8d,power-maintanance,Power Maintanance,Other KZN,true,false,directory_record,3,true,generated_template_description,manual_review
0fb5cd3d-736a-463f-b689-1d74cbcfdfad,ppm-airconditioning-refrigerator-services,PPM Airconditioning & Refrigerator Services,Ballito,true,false,directory_record,1,false,missing_services|generated_template_description,manual_review
1d603d16-d778-49fd-bf81-25b67f2ebedc,precision-stunner-s,Precision-Stunner's,Durban North,true,false,directory_record,1,false,missing_services|generated_template_description,manual_review
9a57f56e-2008-459c-93b8-65949a4bb033,price-matthews-building-projects,Price Matthews Building Projects,Durban North,true,false,directory_record,3,true,missing_services,manual_review
a9c9d7c5-f44e-4c7c-8581-a8aad2557e87,r-t-s-plumbing,R.T's Plumbing,Other KZN,true,false,directory_record,2,false,missing_services|generated_template_description,manual_review
fcc3f008-b3fe-43f7-8a78-0df1df0115d5,rabbit-plumbing,Rabbit Plumbing,Ballito,true,false,directory_record,2,true,missing_services,manual_review
d5a51174-5445-498b-8cb4-780602c4184b,rad-plumbing,RAD Plumbing,Other KZN,true,false,directory_record,1,true,missing_services|generated_template_description,manual_review
1d4cf738-69c3-48c0-aa4d-bd8e644ae783,rainbow-electrical,Rainbow Electrical,Newcastle,true,false,directory_record,2,true,missing_services,manual_review
88c60292-2ce6-4f39-856c-db9042dbe296,raj-govenders-registered-plumbers,Raj Govenders Registered Plumbers,Other KZN,true,false,directory_record,2,false,missing_services|generated_template_description,manual_review
cff947b6-44e8-478b-bc5d-982e2a4106cf,raj-s-plumbing,Raj's Plumbing,Other KZN,true,false,directory_record,2,true,missing_services,manual_review
9abb13e4-877b-46e5-ab63-4bf261f669cc,rb-plumbing,RB Plumbing,Richards Bay,true,false,directory_record,1,true,missing_services|generated_template_description,manual_review
b2d0fc7a-4fad-4020-864c-e5a5653876fc,rbr-plumbing-maintenance,RBR plumbing & Maintenance,Other KZN,true,false,directory_record,2,true,generated_template_description,manual_review
56eb70bf-1f38-4d55-b808-79639b72f2fa,reclaim-africa-contractors,Reclaim Africa Contractors,Durban North,true,false,directory_record,3,true,missing_services,manual_review
218973fd-3d28-44d3-b348-a67f5b86aa83,reen-plumbers,Reen Plumbers,Other KZN,true,false,directory_record,3,true,missing_services,manual_review
21d6dba1-4460-4baa-9c06-45a9f181595d,reeth-s-plumbers,Reeth's Plumbers,Other KZN,true,false,directory_record,1,false,missing_services|generated_template_description,manual_review
4b2b82b3-2ecf-48d4-8fdc-1b7bc5b8c4d1,reka-fire,Reka Fire,Other KZN,true,false,directory_record,1,false,missing_services|generated_template_description,manual_review
fb9814ff-7437-4e60-9c58-b928eb14af69,revels-plumbing,Revels Plumbing,Durban North,true,false,directory_record,2,false,missing_services|generated_template_description,manual_review
6e844081-94fb-46d1-9910-f21b3eb8d36a,rgz-projects,RGZ Projects,Durban South,true,false,directory_record,3,true,missing_services,manual_review
03786010-4cdc-4411-bea3-f422e2af9a48,rhino-plumbers,Rhino Plumbers,Other KZN,true,false,directory_record,2,false,missing_services|generated_template_description,manual_review
83bfaa81-c955-4327-8d6f-df0fa4448461,richard-firth-plumbing,Richard Firth Plumbing,Durban North,true,false,directory_record,2,false,missing_services|generated_template_description,manual_review
3019264f-2dc5-47f1-a72e-b925f980d516,robson-plumbing,Robson Plumbing,Other KZN,true,false,directory_record,2,false,missing_services|generated_template_description,manual_review
44b0d0bb-0dc6-4997-8001-52ed02558658,swift-water-worx,Swift Water Worx,Other KZN,true,false,directory_record,2,true,missing_services|generated_template_description,manual_review
bc5b55f5-2506-4e35-bcd6-1e0507b68cd5,rowan-plumbers,Rowan Plumbers,Other KZN,true,false,directory_record,3,true,missing_services,manual_review
74074d53-4f97-4b7a-b4d5-ceaf0e0fa174,royal-plumbers,Royal Plumbers,PMB,true,false,directory_record,3,true,missing_services,manual_review
722706da-9e4d-42c7-8037-bf1f61a23917,ryan-s-plumbing,Ryan's Plumbing,Other KZN,true,false,directory_record,1,false,missing_services|generated_template_description,manual_review
866ab02c-4eb6-4446-8517-b05132d4d631,ryans-contracting,Ryans Contracting,PMB,true,false,directory_record,2,false,missing_services|generated_template_description,manual_review
f008608f-3f0e-49b6-aded-19ed66e23e10,s-j-construction,S & J Construction,Durban North,true,false,directory_record,1,false,missing_services|generated_template_description|entity_type_review,manual_review
804679d4-1e6a-4d12-8eee-9a01fdd76e64,s-d-t-plumbers,S.D.T Plumbers,Durban South,true,false,directory_record,2,true,missing_services,manual_review
78f1e9e2-e1b1-4489-bb2c-d2dc11155774,sakhisizwe-development-training,Sakhisizwe Development & Training,Richards Bay,true,false,directory_record,1,false,missing_services|generated_template_description,manual_review
b308f219-7aa4-42c8-956a-094593f61929,sandilendosi-plumbing,Sandilendosi Plumbing,Durban South,true,false,directory_record,2,true,generated_template_description,manual_review
065cd731-696e-4798-8b63-b1405f0d93fc,the-little-plumber-boy,The Little Plumber Boy,Other KZN,true,false,directory_record,2,false,missing_services|generated_template_description,manual_review
5181a9b4-1c7a-4f65-95c2-b61a846c8081,sola-tek,Sola Tek,Other KZN,true,false,directory_record,1,true,missing_services|generated_template_description,manual_review
1be075a2-2d3e-445a-b699-e7f4a89793fd,sbenz-construction-and-services,Sbenz Construction and Services,Durban North,true,false,directory_record,2,false,missing_services|generated_template_description,manual_review
c0354c7e-6407-4d50-9ef5-cc964c8f7058,se-lushaba-enterprises,SE Lushaba Enterprises,Other KZN,true,false,directory_record,2,false,missing_services|generated_template_description,manual_review
b54e384a-d724-4627-a6f7-5ffeb77f0d48,suburbs-investments,Suburbs Investments,Durban North,true,false,directory_record,2,false,missing_services|generated_template_description,manual_review
da5b2e4f-972d-4b73-82a8-4545e3ac082e,segs-plumbers,segs plumbers,PMB,true,false,directory_record,2,false,missing_services|generated_template_description,manual_review
7aaf8dde-7b12-4fd3-b437-3fbfe66986d4,sesifikile-nzuza-s-plumbing-construction,Sesifikile Nzuza's Plumbing & Construction,Ballito,true,false,directory_record,2,false,missing_services|generated_template_description|entity_type_review,manual_review
969fcc8c-795d-4b58-85e7-8d3d9d967040,sesiphile-trading,Sesiphile Trading,Other KZN,true,false,directory_record,3,true,generated_template_description,manual_review
a6d93d5c-c8e5-42d1-8d71-ef3d6bbb18c0,shannon-s-plumbing-boys,Shannon's Plumbing Boys,PMB,true,false,directory_record,3,true,missing_services,manual_review
e3f1bc45-8138-49c7-acde-67936ab75e55,shanrick-construction,Shanrick Construction,Ballito,true,false,directory_record,1,false,missing_services|generated_template_description|entity_type_review,manual_review
350cb558-3790-4d9c-9f56-843945aacff5,shanrick-plumbing,Shanrick Plumbing,Other KZN,true,false,directory_record,2,false,missing_services|generated_template_description,manual_review
88ff65de-8226-43b9-b04e-fb643f77b8f0,shekinah-holdings,Shekinah Holdings,Durban North,true,false,directory_record,3,true,generated_template_description,manual_review
e4ad9701-3fbb-4e87-9350-7a32142fcaba,shenro-projects,Shenro Projects,Durban North,true,false,directory_record,2,false,missing_services|generated_template_description,manual_review
c0b2ea8c-a3ad-455f-b13e-5f734d5fe844,shisa-plumbers,Shisa Plumbers,Other KZN,true,false,directory_record,2,false,missing_services|generated_template_description,manual_review
c7591dda-d305-45ce-a7bb-dae899720952,shukulasi-construction,Shukulasi Construction,Other KZN,true,false,directory_record,2,false,missing_services|generated_template_description|entity_type_review,manual_review
70a669bc-ef6b-4e94-881f-76515eb45546,shwi-ngxabi,Shwi Ngxabi,Durban South,true,false,directory_record,2,false,missing_services|generated_template_description,manual_review
8e982091-0348-40ce-80fd-8c438e46f71f,sim-construction-and-technology,Sim Construction and Technology,Durban North,true,false,directory_record,2,true,generated_template_description,manual_review
a54fb38d-9cde-4856-87ab-fd8a4eed9a67,simsi-construction,Simsi Construction,Durban North,true,false,directory_record,1,false,missing_services|generated_template_description|entity_type_review,manual_review
7d8f6a88-1649-4d50-921e-9639dd0020ce,simunye-plumbers,Simunye Plumbers,Durban North,true,false,directory_record,1,false,missing_services|generated_template_description,manual_review
0f12f1ff-da07-4a75-bd5c-a87e27905540,siphiwo-consulting-services,Siphiwo Consulting Services,Durban North,true,false,directory_record,2,false,missing_services|generated_template_description,manual_review
a864f66b-1e5b-4d9a-b7e9-246d496b9b0d,sipho-plumbing-solutions,Sipho Plumbing Solutions,Durban South,true,false,directory_record,2,false,missing_services|generated_template_description,manual_review
abf54e35-b57d-49dc-903c-fe10e238636f,sivas-plumbers,Sivas Plumbers,Ballito,true,false,directory_record,2,false,missing_services|generated_template_description,manual_review
43bb373d-4904-4293-bcb1-99f5cf74d465,siyamceba-trading-enterprise,Siyamceba Trading Enterprise,Other KZN,true,false,directory_record,2,false,missing_services|generated_template_description,manual_review
97649246-0d77-49f0-920b-4e40521b91f4,siyaya-sa,Siyaya SA,Durban North,true,false,directory_record,2,false,missing_services|generated_template_description,manual_review
d14ce546-cf8c-423f-a07f-84518b51142d,sizamandosi,Sizamandosi,Durban North,true,false,directory_record,3,true,missing_services,manual_review
a6186f73-f106-44bc-bff6-61fa32bdeb1f,skn-plumbing-solutions,SKN Plumbing Solutions,Durban South,true,false,directory_record,3,true,missing_services,manual_review
e1fd10cd-99b2-4f1f-b119-44ccfd8d0bda,the-visionary-providers-trading,The Visionary Providers Trading,Other KZN,true,false,directory_record,2,false,missing_services|generated_template_description,manual_review
1c5448b1-b5d8-4a13-bf76-4c8483b3c8b0,snyders-plumbing,Snyders Plumbing,Durban South,true,false,directory_record,3,true,missing_services,manual_review
8231dcca-3a7a-4cde-b72f-5d4b70e538a6,solaertech-south-coast,Solaertech South Coast,Newcastle,true,false,directory_record,2,true,missing_services,manual_review
28ddc437-abdb-40cf-9d42-c5f4d56c858d,solar-beam,Solar Beam,Durban North,true,false,directory_record,1,true,missing_services|generated_template_description,manual_review
af01c659-7228-4a60-98bc-2e6805bb457e,solar-energy-king,Solar Energy King,Other KZN,true,false,directory_record,2,true,missing_services|generated_template_description,manual_review
f78e138a-0e58-4cd7-bf9d-5546224ccaa1,solar-primeg,Solar Primeg,Durban North,true,false,directory_record,2,true,missing_services|generated_template_description,manual_review
57ef47eb-8203-499c-9296-0229533f198c,solartech-new-castle,Solartech New Castle,Newcastle,true,false,directory_record,3,true,missing_services,manual_review
2b0e17f9-0e64-4104-9444-4e5275914b72,solartech-north-coast,Solartech North Coast,Ballito,true,false,directory_record,1,true,missing_services|generated_template_description,manual_review
74fc758c-2388-4b5d-80f0-e0a6677de975,solartech-umdloti,Solartech Umdloti,Durban North,true,false,directory_record,1,true,missing_services|generated_template_description,manual_review
2caa8413-f569-4751-8f55-d9502417ed35,solarvest-group,Solarvest group,Ballito,true,false,directory_record,1,true,missing_services|generated_template_description,manual_review
96b81627-6b5f-4645-bb24-d32052474e20,sophakwante-plumbers,Sophakwante Plumbers,Durban North,true,false,directory_record,2,false,missing_services|generated_template_description,manual_review
a657b60c-43ea-450b-ba40-cbe586b2aa96,south-coast-plumbing-services,South Coast Plumbing Services,Other KZN,true,false,directory_record,2,true,missing_services|generated_template_description,manual_review
b94d4a7b-73ae-4880-aa27-865d20cf2926,sparrow-gas-plumbing,Sparrow Gas & Plumbing,Ballito,true,false,directory_record,1,true,missing_services|generated_template_description,manual_review
6b3c1f80-64e6-4c86-a90a-7175cb32e0fc,sparrow-plumbers,Sparrow Plumbers,Other KZN,true,false,directory_record,2,false,missing_services|generated_template_description,manual_review
139a4295-79c5-4305-a516-4ca0f9a6f2ec,star-plumbing,Star Plumbing,Other KZN,true,false,directory_record,1,false,missing_services|generated_template_description,manual_review
6dd2d6f8-c92a-4c1d-89ea-1cf9f0afe95b,starling-plumbers,Starling Plumbers,Durban North,true,false,directory_record,2,false,missing_services|generated_template_description,manual_review
cb0831d0-041e-4b93-abe6-1dc374d4ddee,steve-kidd-plumbing-contractors,Steve Kidd Plumbing Contractors,Durban North,true,false,directory_record,2,true,missing_services|generated_template_description,manual_review
5990af32-8d3a-48a7-8b62-1d6c01d99202,sthes-construction-development,Sthes Construction & Development,Pinetown,true,false,directory_record,3,true,missing_services,manual_review
531a8c5d-29a1-4e4b-9c3e-5f444d0c3919,sudhir-construction,Sudhir Construction,Durban South,true,false,directory_record,2,true,generated_template_description|entity_type_review,manual_review
1530d2a6-2910-4acb-a6a5-d8385d758b6c,suka-trading,Suka Trading,Other KZN,true,false,directory_record,1,false,missing_services|generated_template_description,manual_review
8e77064c-02f4-4d3d-bc06-6e7610b1ce33,water-haus,Water Haus,Ballito,true,false,directory_record,1,true,missing_services|generated_template_description,manual_review
03a7a9ed-c02f-44e5-9a0e-5cf51ab522ac,surbaba-township-trading-enterprize,Surbaba Township Trading Enterprize,Durban North,true,false,directory_record,1,false,missing_services|generated_template_description,manual_review
2e4d8a6e-9d75-4836-91d7-a6c2f155cb72,surefix-plumbing,Surefix plumbing,Durban North,true,false,directory_record,3,true,missing_services,manual_review
5fc6f5cc-7015-44c5-9149-b45b1e05dfd0,sushay-plumbers-building-services,Sushay Plumbers & Building Services,Durban North,true,false,directory_record,3,true,missing_services,manual_review
5e7e92d7-2896-445a-ac56-087966150f09,syaphumelela-construction,Syaphumelela Construction,Durban South,true,false,directory_record,2,false,missing_services|generated_template_description|entity_type_review,manual_review
d7e34d53-fa73-4c63-8642-722208b37e74,sykes-plumbing-solutions,Sykes Plumbing Solutions,Other KZN,true,false,directory_record,2,false,missing_services|generated_template_description,manual_review
1f87eba9-8262-4aa3-9572-1fdcae1d0f60,t-k-gutters-plumbers-and-plant-hiring,"T K Gutters, Plumbers and Plant Hiring",Newcastle,true,false,directory_record,2,false,missing_services|generated_template_description,manual_review
8580483c-0a73-4188-a794-6b80d949cdcd,t-k-s-m-construction,T-K-S-M Construction,Durban South,true,false,directory_record,2,false,missing_services|generated_template_description|entity_type_review,manual_review
961f40b0-476f-4953-85bf-b19261bb5b1d,tabankulu-building-construction-civil-services,Tabankulu Building Construction & Civil Services,Other KZN,true,false,directory_record,2,false,missing_services|generated_template_description,manual_review
30d2c415-b03d-4c48-9fd8-0949c2649c30,taggart-s-plumbing,Taggart's Plumbing,Newcastle,true,false,directory_record,2,true,missing_services|generated_template_description,manual_review
8e2b7b1a-bf6a-4a55-9af2-4f660006ff81,tdk-general-plumbing-projects,TDK General Plumbing & Projects,Durban North,true,false,directory_record,2,false,missing_services|generated_template_description,manual_review
05c9d6c3-f180-4c66-899c-85a29af7a63e,team-sibu-plumbing-and-constraction,Team Sibu Plumbing and Constraction,Durban North,true,false,directory_record,2,false,missing_services|generated_template_description,manual_review
f8a6b24e-7a05-4f6f-8f28-5ecaf016506a,tessling-plumbers,Tessling Plumbers,Durban North,true,false,directory_record,2,false,missing_services|generated_template_description,manual_review
be17cd1b-6927-44fe-b34b-9bf1667ef65b,thames-construction,Thames Construction,Durban North,true,false,directory_record,3,true,missing_services|entity_type_review,manual_review
239e0e1e-5267-4ef1-8550-c45ff9d634c4,the-business-zone-518cc,The Business Zone 518cc,Durban North,true,false,directory_record,1,false,missing_services|generated_template_description,manual_review
f4e17b46-78f3-4a53-923b-7fd2d9bfabcd,the-dacunder-s-trading,The Dacunder's Trading,Other KZN,true,false,directory_record,2,false,missing_services|generated_template_description,manual_review
0f7e2b23-4e5a-4892-8c12-f064fdc1b6fa,the-drain-corporation-newcastle,The Drain Corporation Newcastle,Newcastle,true,false,directory_record,2,true,missing_services|generated_template_description,manual_review
2036105e-fde1-4389-b74b-483c92b9966f,the-geyser-shop,The Geyser Shop,Durban North,true,false,directory_record,2,true,missing_services,manual_review
76cae691-6cb6-4e45-a332-129c37091d94,the-guru-plumber-and-gas,The Guru Plumber and Gas,Other KZN,true,false,directory_record,2,true,missing_services|generated_template_description,manual_review
db712c1f-c6a7-4630-861e-dc5bdb69e57a,thembekile-plumbing-and-civils,Thembekile Plumbing and Civils,Ballito,true,false,directory_record,1,false,missing_services|generated_template_description,manual_review
2a343a55-253c-4a20-9849-9d402e3cee4e,thomas-plumbing-maintenance,Thomas Plumbing Maintenance,Other KZN,true,false,directory_record,3,true,generated_template_description,manual_review
e34d889f-a3b1-496a-84c5-a5a24f6005b7,tjp-plumbers,TJP Plumbers,Durban North,true,false,directory_record,3,true,missing_services,manual_review
ffff8952-e7b1-47bc-96a4-8bb494f7565a,tlc-maintenance-and-construction,TLC Maintenance and Construction,Durban North,true,false,directory_record,2,true,generated_template_description|entity_type_review,manual_review
b54acda5-1a3e-4875-a580-ba7016b2fe7d,tn-plumbing-services,TN Plumbing Services,Durban North,true,false,directory_record,3,true,generated_template_description,manual_review
d6825a19-e16e-4fe2-9c15-b14f0647a29f,tnt-projects,TNT Projects,Pinetown,true,false,directory_record,3,true,missing_services,manual_review
4160ad37-f9b6-447a-a088-c1e14839c33d,top-five-engineers-co-operative,TOP Five Engineers Co-Operative,Other KZN,true,false,directory_record,1,false,missing_services|generated_template_description,manual_review
bd6c79ec-ca35-46a4-a058-f14e1e4ac4a1,topsun-solar-solutions,TOPSUN Solar Solutions,Durban North,true,false,directory_record,2,true,missing_services|generated_template_description|entity_type_review,manual_review
08b66054-6f38-4991-af61-ad0f279240a5,plumbersinc,Plumbersinc,Ballito,true,false,directory_record,1,false,missing_services|generated_template_description,manual_review
04db4995-bb0d-43f2-939d-31857b2fbd0b,training-force,Training Force,Durban North,true,false,directory_record,2,false,missing_services|generated_template_description,manual_review
cbfa236b-0085-408c-84ca-07a56fcfdaee,trilek-projects,Trilek Projects,Durban North,true,false,directory_record,1,false,missing_services|generated_template_description,manual_review
b7116cb4-ed03-4899-98c5-897d6d9a0a17,tsebo-facilities-solutions,Tsebo Facilities Solutions,Durban North,true,false,directory_record,3,true,missing_services,manual_review
0ab00ced-9b20-4a04-b927-274c092c2766,tts-plumbing-services,TTS Plumbing Services,Other KZN,true,false,directory_record,2,false,missing_services|generated_template_description,manual_review
772a9a1e-41ea-4352-8aa0-4bba11d20f34,tusca-building-and-civils,Tusca Building And Civils,Other KZN,true,false,directory_record,2,false,missing_services|generated_template_description,manual_review
46c6b643-7e37-44f0-8928-afda07bc7bb4,ubucubu-home-industries,Ubucubu Home Industries,Pinetown,true,false,directory_record,2,true,missing_services|generated_template_description,manual_review
7864cdbc-e9e9-4760-abba-f78c03942327,ugu-district-municipality,Ugu District Municipality,Other KZN,true,false,directory_record,2,false,missing_services|generated_template_description|entity_type_review,manual_review
d72fd418-6c1a-4aaf-a474-ac33b1e5e740,umafrica-general-trading,Umafrica General Trading,Durban South,true,false,directory_record,2,false,missing_services|generated_template_description,manual_review
ab8cf5c2-8098-4add-b353-7f4bf9720af2,umfolozi-college,Umfolozi College,Ballito,true,false,directory_record,2,false,missing_services|generated_template_description|entity_type_review,manual_review
8a47ee2c-381b-4f3c-a3d5-c10ca78e8af7,umgungundlovu-municipality,Umgungundlovu Municipality,PMB,true,false,directory_record,2,false,missing_services|generated_template_description|entity_type_review,manual_review
66340b5a-9248-4b25-9095-1e59a697ab6e,umhlanga-ridge-plumbers,Umhlanga Ridge Plumbers,Durban North,true,false,directory_record,1,true,missing_services|generated_template_description,manual_review
91287c81-ceb1-4f38-bd01-d1db137b1295,beavers-plumbing,Beavers Plumbing,Durban South,true,false,directory_record,2,false,missing_services|generated_template_description,manual_review
efaba4f6-1e35-420a-8cc2-231c72c3bb45,umzaca-contractors,Umzaca Contractors,Durban North,true,false,directory_record,2,true,missing_services|generated_template_description,manual_review
38086063-7f1b-45f8-a441-9b65895bd0d4,university-of-zululand,University of Zululand,Other KZN,true,false,directory_record,2,true,missing_services|generated_template_description,manual_review
cbf7a7d6-bb41-4eb5-9d1a-34e617127162,untunjambiu-hospital,Untunjambiu Hospital,PMB,true,false,directory_record,1,false,missing_services|generated_template_description,manual_review
5d058ba5-2e58-4db4-9883-167404dfa956,vacation-management-services,Vacation Management Services,Other KZN,true,false,directory_record,2,false,missing_services|generated_template_description,manual_review
871b85e6-5f78-4651-a365-074da8124426,van-deventer-plumbers,Van Deventer Plumbers,Durban North,true,false,directory_record,2,true,missing_services|generated_template_description,manual_review
aa932ee4-ab31-4a58-81b9-9c051f9f6381,van-s-plumbing-contractors,Van's Plumbing Contractors,Other KZN,true,false,directory_record,2,true,missing_services|generated_template_description,manual_review
8f0cc6b6-46b1-4bf8-a401-e90ca1537491,vanmor-electrical,Vanmor Electrical,Durban North,true,false,directory_record,3,true,missing_services,manual_review
e8da21f7-664f-45ba-beae-7664b841a81a,vay-projects,VAY Projects,Durban North,true,false,directory_record,2,true,generated_template_description,manual_review
17e4b47a-d461-4ac9-ac08-f13a4727958e,vg-plumbing,VG Plumbing,Durban North,true,false,directory_record,2,false,missing_services|generated_template_description,manual_review
30b345ea-6c13-41be-96cd-ba3487ee2cfc,victor-s-plumbing-services,Victor's Plumbing Services,Other KZN,true,false,directory_record,2,false,missing_services|generated_template_description,manual_review
16214c62-ac45-4096-b355-805ca8853001,vinmah-plumbers,Vinmah Plumbers,PMB,true,false,directory_record,2,false,missing_services|generated_template_description,manual_review
5a8b39ce-1fa6-4255-a07d-361df56b826e,vns-electrical,VNS Electrical,Durban North,true,false,directory_record,2,false,missing_services|generated_template_description,manual_review
e70c4179-fea8-49bc-a214-bd078ef1b92c,nbo-construction,NBO Construction,Other KZN,true,false,directory_record,2,false,missing_services|generated_template_description|entity_type_review,manual_review
18295023-aa9e-41f6-ad9b-dc5bafe558c1,wiseman-plumbing-maintenace,Wiseman Plumbing & Maintenace,Other KZN,true,false,directory_record,3,true,generated_template_description,manual_review
fd9d96cf-5c3c-435c-b326-f856c8786cbd,thermowise,Thermowise,Durban North,true,false,directory_record,3,true,missing_services,manual_review
f5c2ce59-ad9f-4034-a399-3b72803268ec,vsd-plumbing-maintenance-division,VSD Plumbing & Maintenance Division,Ballito,true,false,directory_record,3,true,generated_template_description,manual_review
801de62d-8921-48b0-9c49-ecda7e5c565e,vuka-kuqala-contractors,Vuka Kuqala Contractors,Durban North,true,false,directory_record,2,true,missing_services,manual_review
3e88298f-1cc3-48b1-8608-b6d17ba240eb,just-geysers-durban,Just Geysers Durban,Other KZN,true,false,directory_record,1,false,missing_services|generated_template_description,manual_review
31b5712b-2d95-428e-b0b9-c10063b74e43,water-wave-plumbers,Water wave plumbers,Durban South,true,false,directory_record,2,true,generated_template_description,manual_review
0a979d97-2ba9-47b0-afe5-9d570d1ff390,waters-plumbing,Waters Plumbing,Durban South,true,false,directory_record,2,true,missing_services|generated_template_description,manual_review
05ab6a84-a6b7-4650-b9a8-f8db30720ca0,watertite-plumbers,Watertite Plumbers,Pinetown,true,false,directory_record,3,true,generated_template_description,manual_review
525d9536-cae5-4a65-8cec-08690223c332,waterworks-plumbing-kzn,Waterworks Plumbing KZN,Durban North,true,false,directory_record,2,true,missing_services|generated_template_description,manual_review
21534419-9722-48b9-b85d-308380e167a0,waymor-construction,Waymor Construction,PMB,true,false,directory_record,2,false,missing_services|generated_template_description|entity_type_review,manual_review
14ea44bd-88d6-4693-9e8e-75e01e295f08,wellbeloved-homes,Wellbeloved Homes,Other KZN,true,false,directory_record,2,false,missing_services|generated_template_description,manual_review
c0e8acfb-2d12-4dd5-8cef-c92d63d91cd3,wingnuts-plumbing-and-leak-detection-services,Wingnuts Plumbing and Leak Detection Services,Other KZN,true,false,directory_record,2,false,missing_services|generated_template_description,manual_review
08f2aff1-0bac-4b7d-b91e-083984ad4bbc,xcelerator-plumbing-service,Xcelerator Plumbing Service,Durban South,true,false,directory_record,1,false,missing_services|generated_template_description,manual_review
5ef207d6-2844-4c89-b530-ed1f767f787b,y-s-civil-projects-plumbing,Y & S Civil Projects & Plumbing,Other KZN,true,false,directory_record,1,true,missing_services|generated_template_description,manual_review
1f0c64ee-aae2-4a98-9e38-8b48b7982f8d,yakutat-four-trading,YAKUTAT Four Trading,Durban South,true,false,directory_record,3,true,generated_template_description,manual_review
4d94a405-61ce-4b13-a4c0-3ab77defd43f,z-macz,Z MACZ,Richards Bay,true,false,directory_record,2,false,missing_services|generated_template_description,manual_review
142b9a06-9b5e-4451-9b32-94a2284e9ed8,zafo-contractors,Zafo Contractors,Other KZN,true,false,directory_record,3,true,missing_services,manual_review
4b7cca00-c783-49e1-bcec-d062bc9b41ff,zakancane-trading-enterprise,Zakancane Trading Enterprise,Other KZN,true,false,directory_record,1,false,missing_services|generated_template_description,manual_review
ba3834f9-90ce-4793-bac5-69615317c9e8,zama-plumbing,Zama Plumbing,Durban South,true,false,directory_record,3,true,missing_services,manual_review
90832b2e-b83c-4007-b5db-c6d848ccf84f,zama-training,Zama Training,Durban North,true,false,directory_record,1,false,missing_services|generated_template_description,manual_review
e2a156e8-5105-4814-8014-d0b0a06ca4e7,zama-training-and-development,Zama Training And Development,Durban North,true,false,directory_record,1,false,missing_services|generated_template_description,manual_review
761cfefd-3220-4c1f-857c-486232fa335b,zamahlase-plumbing-services,Zamahlase Plumbing Services,Other KZN,true,false,directory_record,2,false,missing_services|generated_template_description,manual_review
9433618a-ac2d-4148-9205-722365d49e95,zamancwaba-trading-enterprise-plumbing-construct,Zamancwaba Trading Enterprise Plumbing & Construct,Other KZN,true,false,directory_record,2,false,missing_services|generated_template_description,manual_review
2334ed34-178b-49f1-aa3f-96485d3c8cfa,zamazwide-painters-and-construction,Zamazwide Painters And Construction,Durban South,true,false,directory_record,2,true,missing_services|generated_template_description|entity_type_review,manual_review
822ae5c8-f0b3-46a5-8c21-6a510728da77,zamokwakho-construction,Zamokwakho Construction,Newcastle,true,false,directory_record,2,false,missing_services|generated_template_description|entity_type_review,manual_review
5e9143fb-8058-497e-92af-06d2aee547c7,zempongo-trading-and-construction,Zempongo trading and construction,Other KZN,true,false,directory_record,2,true,generated_template_description|entity_type_review,manual_review
660fb29b-37ad-4fcd-8b17-77cc34706a0d,zenani-consulting,Zenani Consulting,Durban North,true,false,directory_record,2,false,missing_services|generated_template_description,manual_review
09a33a79-6fc3-4011-ba72-73d15e8dc1cc,zeus-solar,Zeus Solar,Other KZN,true,false,directory_record,2,true,missing_services|generated_template_description,manual_review
e196a222-e4d2-49ab-8117-92b1e6e0a6ce,zuzookhuhle-construction-and-projects,Zuzookhuhle Construction and Projects,Other KZN,true,false,directory_record,2,false,missing_services|generated_template_description,manual_review
c8aa3821-5503-413a-b279-02599b663958,plumbing-at-it-best,Plumbing at it best ,Durban North,true,true,business_claimed,3,true,generated_template_description,manual_review
1818d084-5134-4668-9a07-9a74f1478dbe,ncali-global,NCALI GLOBAL ,PMB,true,true,business_claimed,2,true,missing_phone|thin_description,manual_review
