slug,h1,group,city_focus,published,words,similarity_to_group_representative,exact_duplicate_in_group,current_index_status,suggested_disposition,suggested_target,reason
24-hour-plumber-kzn,What plumbers offer 24-hour emergency services in KZN?,Emergency,KwaZulu-Natal,true,742,0.699,false,legacy_unclassified,keep_review,/,"Review demand, live inventory, uniqueness, and GSC performance before keeping."
247-plumber-durban,What are the best 24/7 plumbers in Durban?,Emergency,Durban,true,647,0.643,false,legacy_unclassified,keep_review,/plumbers/durban,"Review demand, live inventory, uniqueness, and GSC performance before keeping."
blocked-drain-durban-urgent,Who can fix a blocked drain urgently in Durban?,Emergency,Durban,true,699,0.546,false,legacy_unclassified,keep_review,/plumbers/durban,"Review demand, live inventory, uniqueness, and GSC performance before keeping."
burst-geyser-kzn,What do I do when my geyser bursts in KZN?,Emergency,KwaZulu-Natal,true,795,1.000,false,legacy_unclassified,keep_review,/services/geyser-repair,"Review demand, live inventory, uniqueness, and GSC performance before keeping."
burst-pipe-repair-kzn,How do I fix a burst pipe in KwaZulu-Natal?,Emergency,KwaZulu-Natal,true,784,0.803,false,legacy_unclassified,keep_review,/services/burst-pipes,"Review demand, live inventory, uniqueness, and GSC performance before keeping."
emergency-plumber-durban,Who do I call for emergency plumbing in Durban?,Emergency,Durban,true,782,0.803,false,legacy_unclassified,keep_review,/plumbers/durban,"Review demand, live inventory, uniqueness, and GSC performance before keeping."
leaking-pipe-kzn,How do I stop a leaking pipe fast in KZN?,Emergency,KwaZulu-Natal,true,726,0.689,false,legacy_unclassified,keep_review,/,"Review demand, live inventory, uniqueness, and GSC performance before keeping."
same-day-plumber-kzn,Who offers same-day plumbing repairs in KwaZulu-Natal?,Emergency,KwaZulu-Natal,true,648,0.668,false,legacy_unclassified,keep_review,/,"Review demand, live inventory, uniqueness, and GSC performance before keeping."
sewage-emergency-plumber-kzn,Who do I call for a sewage emergency in KwaZulu-Natal?,Emergency,KwaZulu-Natal,true,732,0.716,false,legacy_unclassified,keep_review,/,"Review demand, live inventory, uniqueness, and GSC performance before keeping."
weekend-plumber-kzn,Who repairs burst geysers on weekends in KZN?,Emergency,KwaZulu-Natal,true,712,0.727,false,legacy_unclassified,keep_review,/services/geyser-repair,"Review demand, live inventory, uniqueness, and GSC performance before keeping."
affordable-certified-plumber-kzn,How do I find an affordable certified plumber in KZN?,Directory & Finding,KwaZulu-Natal,true,677,0.701,false,legacy_unclassified,keep_review,/,"Review demand, live inventory, uniqueness, and GSC performance before keeping."
best-plumber-directory-kwazulu-natal,What is the best plumber directory in KwaZulu-Natal?,Directory & Finding,KwaZulu-Natal,true,605,0.701,false,legacy_unclassified,keep_review,/,"Review demand, live inventory, uniqueness, and GSC performance before keeping."
best-rated-plumber-durban,What are the best-rated plumbers in Durban?,Directory & Finding,Durban,true,676,0.731,false,legacy_unclassified,keep_review,/plumbers/durban,"Review demand, live inventory, uniqueness, and GSC performance before keeping."
certified-plumber-ladysmith-kzn,How do I find a certified plumber in Ladysmith KwaZulu-Natal?,Directory & Finding,Ladysmith,true,588,0.654,false,legacy_unclassified,keep_review,/,"Review demand, live inventory, uniqueness, and GSC performance before keeping."
certified-plumber-near-me-kzn,How do I find a certified plumber near me in KZN?,Directory & Finding,KwaZulu-Natal,true,647,0.679,false,legacy_unclassified,keep_review,/,"Review demand, live inventory, uniqueness, and GSC performance before keeping."
certified-plumber-richards-bay,Where can I find a certified plumber in Richards Bay?,Directory & Finding,Richards Bay,true,518,0.536,false,legacy_unclassified,keep_review,/plumbers/richards-bay,"Review demand, live inventory, uniqueness, and GSC performance before keeping."
find-certified-plumber-kwazulu-natal,How do I find a certified plumber in KwaZulu-Natal?,Directory & Finding,KwaZulu-Natal,true,977,1.000,false,legacy_unclassified,keep_review,/,"Review demand, live inventory, uniqueness, and GSC performance before keeping."
find-plumber-pietermaritzburg,How do I find a plumber in Pietermaritzburg?,Directory & Finding,Pietermaritzburg,true,587,0.719,false,legacy_unclassified,keep_review,/plumbers/pietermaritzburg,"Review demand, live inventory, uniqueness, and GSC performance before keeping."
hire-licensed-plumber-kzn,How do I hire a licensed plumber in KwaZulu-Natal?,Directory & Finding,KwaZulu-Natal,true,653,0.758,false,legacy_unclassified,keep_review,/,"Review demand, live inventory, uniqueness, and GSC performance before keeping."
pirb-registered-plumbers-kzn,Where can I find PIRB-registered plumbers in KZN?,Directory & Finding,KwaZulu-Natal,true,621,0.780,false,legacy_unclassified,keep_review,/,"Review demand, live inventory, uniqueness, and GSC performance before keeping."
qualified-plumber-newcastle-kzn,Where can I find a qualified plumber in Newcastle KZN?,Directory & Finding,Newcastle,true,561,0.534,false,legacy_unclassified,keep_review,/plumbers/newcastle,"Review demand, live inventory, uniqueness, and GSC performance before keeping."
registered-plumber-durban,Where can I find a registered plumber in Durban?,Directory & Finding,Durban,true,698,0.812,false,legacy_unclassified,keep_review,/plumbers/durban,"Review demand, live inventory, uniqueness, and GSC performance before keeping."
reliable-plumber-umhlanga,Where can I find a reliable plumber in Umhlanga?,Directory & Finding,Umhlanga,true,591,0.674,false,legacy_unclassified,keep_review,/plumbers/durban,"Review demand, live inventory, uniqueness, and GSC performance before keeping."
trusted-plumber-ballito,How do I find a trusted plumber in Ballito?,Directory & Finding,Ballito,true,561,0.641,false,legacy_unclassified,keep_review,/plumbers/ballito-north-coast,"Review demand, live inventory, uniqueness, and GSC performance before keeping."
verify-plumber-south-africa,How do I verify if a plumber is certified in South Africa?,Directory & Finding,KwaZulu-Natal,true,685,0.802,false,legacy_unclassified,keep_review,/,"Review demand, live inventory, uniqueness, and GSC performance before keeping."
body-corporate-plumber-durban,Who can do plumbing for a body corporate in Durban?,Untapped/Specialised,Durban,true,602,0.342,false,legacy_unclassified,keep_review,/plumbers/durban,"Review demand, live inventory, uniqueness, and GSC performance before keeping."
borehole-plumber-kzn,Who installs borehole pumps and plumbing in KZN?,Untapped/Specialised,KwaZulu-Natal,true,595,0.491,false,legacy_unclassified,keep_review,/,"Review demand, live inventory, uniqueness, and GSC performance before keeping."
cctv-drain-inspection-kzn,What is CCTV drain inspection and do I need it in KZN?,Untapped/Specialised,KwaZulu-Natal,true,611,0.355,false,legacy_unclassified,keep_review,/services/blocked-drains,"Review demand, live inventory, uniqueness, and GSC performance before keeping."
commercial-plumber-kzn,Who offers commercial plumbing services in KwaZulu-Natal?,Untapped/Specialised,KwaZulu-Natal,true,598,0.378,false,legacy_unclassified,keep_review,/services/commercial,"Review demand, live inventory, uniqueness, and GSC performance before keeping."
drain-relining-kzn,What is drain relining and is it available in KZN?,Untapped/Specialised,KwaZulu-Natal,true,613,0.309,false,legacy_unclassified,keep_review,/services/blocked-drains,"Review demand, live inventory, uniqueness, and GSC performance before keeping."
greywater-system-kzn,What is a greywater recycling system and can I install one in KZN?,Untapped/Specialised,KwaZulu-Natal,true,562,0.334,false,legacy_unclassified,keep_review,/,"Review demand, live inventory, uniqueness, and GSC performance before keeping."
hydro-jetting-kzn,What is hydro-jetting drain cleaning and who offers it in KZN?,Untapped/Specialised,KwaZulu-Natal,true,591,0.457,false,legacy_unclassified,keep_review,/services/blocked-drains,"Review demand, live inventory, uniqueness, and GSC performance before keeping."
jojo-tank-installation-kzn,How do I install a JoJo tank in KwaZulu-Natal?,Untapped/Specialised,KwaZulu-Natal,true,622,0.432,false,legacy_unclassified,keep_review,/,"Review demand, live inventory, uniqueness, and GSC performance before keeping."
new-construction-plumber-kzn,How do I find a plumber for a new construction project in KZN?,Untapped/Specialised,KwaZulu-Natal,true,663,0.401,false,legacy_unclassified,keep_review,/,"Review demand, live inventory, uniqueness, and GSC performance before keeping."
plumbing-insurance-claim-kzn,Who handles plumbing insurance claims in KwaZulu-Natal?,Untapped/Specialised,KwaZulu-Natal,true,641,0.353,false,legacy_unclassified,keep_review,/,"Review demand, live inventory, uniqueness, and GSC performance before keeping."
pressure-reducing-valve-kzn,What is a pressure reducing valve and do I need one in KZN?,Untapped/Specialised,KwaZulu-Natal,true,676,1.000,false,legacy_unclassified,keep_review,/,"Review demand, live inventory, uniqueness, and GSC performance before keeping."
rainwater-harvesting-kzn,How do I set up a rainwater harvesting system in KZN?,Untapped/Specialised,KwaZulu-Natal,true,588,0.379,false,legacy_unclassified,keep_review,/,"Review demand, live inventory, uniqueness, and GSC performance before keeping."
rental-property-plumber-kzn,How do I find a plumber for my rental property in KZN?,Untapped/Specialised,KwaZulu-Natal,true,648,0.394,false,legacy_unclassified,keep_review,/,"Review demand, live inventory, uniqueness, and GSC performance before keeping."
underfloor-heating-plumber-kzn,Who installs underfloor heating in KwaZulu-Natal?,Untapped/Specialised,KwaZulu-Natal,true,649,0.338,false,legacy_unclassified,keep_review,/,"Review demand, live inventory, uniqueness, and GSC performance before keeping."
water-leak-detection-kzn,How does water leak detection work in KwaZulu-Natal?,Untapped/Specialised,KwaZulu-Natal,true,631,0.414,false,legacy_unclassified,keep_review,/services/leak-detection,"Review demand, live inventory, uniqueness, and GSC performance before keeping."
burst-pipe-repair-cost-kzn,How much does it cost to fix a burst pipe in KZN?,Costs & Pricing,KwaZulu-Natal,true,679,0.488,false,legacy_unclassified,keep_review,/services/burst-pipes,"Review demand, live inventory, uniqueness, and GSC performance before keeping."
drain-unblocking-cost-durban,How much does drain unblocking cost in Durban?,Costs & Pricing,Durban,true,718,0.407,false,legacy_unclassified,keep_review,/plumbers/durban,"Review demand, live inventory, uniqueness, and GSC performance before keeping."
new-bathroom-installation-cost-kzn,How much does it cost to install a new bathroom in KZN?,Costs & Pricing,KwaZulu-Natal,true,711,0.491,false,legacy_unclassified,keep_review,/services/bathroom-plumbing,"Review demand, live inventory, uniqueness, and GSC performance before keeping."
geyser-installation-cost-kzn,What is the cost of geyser installation in KwaZulu-Natal?,Costs & Pricing,KwaZulu-Natal,true,699,0.788,false,legacy_unclassified,keep_review,/services/geyser-repair,"Review demand, live inventory, uniqueness, and GSC performance before keeping."
leaking-tap-repair-cost-durban,What is the price to fix a leaking tap in Durban?,Costs & Pricing,Durban,true,765,0.433,false,legacy_unclassified,keep_review,/plumbers/durban,"Review demand, live inventory, uniqueness, and GSC performance before keeping."
plumber-call-out-fee-durban,What is the average call-out fee for a plumber in Durban?,Costs & Pricing,Durban,true,639,0.470,false,legacy_unclassified,keep_review,/plumbers/durban,"Review demand, live inventory, uniqueness, and GSC performance before keeping."
plumber-cost-kzn,How much does a plumber cost in KwaZulu-Natal?,Costs & Pricing,KwaZulu-Natal,true,695,0.565,false,legacy_unclassified,keep_review,/,"Review demand, live inventory, uniqueness, and GSC performance before keeping."
plumber-hourly-rate-kzn,What is the average hourly rate for a plumber in KZN?,Costs & Pricing,KwaZulu-Natal,true,653,0.444,false,legacy_unclassified,keep_review,/,"Review demand, live inventory, uniqueness, and GSC performance before keeping."
solar-geyser-installation-cost-kzn,How much does solar geyser installation cost in KZN?,Costs & Pricing,KwaZulu-Natal,true,792,1.000,false,legacy_unclassified,keep_review,/services/geyser-repair,"Review demand, live inventory, uniqueness, and GSC performance before keeping."
toilet-repair-cost-kzn,How much does a toilet repair cost in KwaZulu-Natal?,Costs & Pricing,KwaZulu-Natal,true,768,0.342,false,legacy_unclassified,keep_review,/,"Review demand, live inventory, uniqueness, and GSC performance before keeping."
diy-plumbing-south-africa,Is it illegal to do your own plumbing in South Africa?,Certification & Compliance,KwaZulu-Natal,true,728,0.663,false,legacy_unclassified,keep_review,/,"Review demand, live inventory, uniqueness, and GSC performance before keeping."
ethekwini-plumbing-bylaw-durban,What are the plumbing bylaws in eThekwini (Durban)?,Certification & Compliance,Durban,true,675,0.465,false,legacy_unclassified,keep_review,/plumbers/durban,"Review demand, live inventory, uniqueness, and GSC performance before keeping."
nbr-plumbing-south-africa,What is the National Building Regulations for plumbing in South Africa?,Certification & Compliance,KwaZulu-Natal,true,706,0.634,false,legacy_unclassified,keep_review,/,"Review demand, live inventory, uniqueness, and GSC performance before keeping."
plumbing-permit-kzn,What permits are needed for new plumbing in KZN?,Certification & Compliance,KwaZulu-Natal,true,639,0.536,false,legacy_unclassified,keep_review,/,"Review demand, live inventory, uniqueness, and GSC performance before keeping."
pirb-registered-plumber-explained,What is a PIRB-registered plumber in South Africa?,Certification & Compliance,KwaZulu-Natal,true,590,0.647,false,legacy_unclassified,keep_review,/,"Review demand, live inventory, uniqueness, and GSC performance before keeping."
plumber-qualifications-south-africa,What qualifications must a plumber have in South Africa?,Certification & Compliance,KwaZulu-Natal,true,616,0.646,false,legacy_unclassified,keep_review,/,"Review demand, live inventory, uniqueness, and GSC performance before keeping."
plumbing-coc-house-sale-kzn,Do I need a plumbing COC when selling my house in KZN?,Certification & Compliance,KwaZulu-Natal,true,629,0.633,false,legacy_unclassified,keep_review,/,"Review demand, live inventory, uniqueness, and GSC performance before keeping."
report-bad-plumber-kzn,How do I report a plumbing violation in KwaZulu-Natal?,Certification & Compliance,KwaZulu-Natal,true,713,0.603,false,legacy_unclassified,keep_review,/,"Review demand, live inventory, uniqueness, and GSC performance before keeping."
section-10-plumbing-inspection-kzn,What is a Section 10 plumbing inspection in KwaZulu-Natal?,Certification & Compliance,KwaZulu-Natal,true,672,0.634,false,legacy_unclassified,keep_review,/,"Review demand, live inventory, uniqueness, and GSC performance before keeping."
unlicensed-plumber-kzn-risks,What happens if I hire an unlicensed plumber in KZN?,Certification & Compliance,KwaZulu-Natal,true,734,1.000,false,legacy_unclassified,keep_review,/,"Review demand, live inventory, uniqueness, and GSC performance before keeping."
find-certified-plumber-ballito,Find a Certified Plumber in Ballito — KZN Plumbers,City Landing,Ballito,true,641,0.695,false,legacy_unclassified,keep_review,/plumbers/ballito-north-coast,"Review demand, live inventory, uniqueness, and GSC performance before keeping."
find-certified-plumber-durban,Find a Certified Plumber in Durban — KZN Plumbers Directory,City Landing,Durban,true,847,1.000,false,legacy_unclassified,keep_review,/plumbers/durban,"Review demand, live inventory, uniqueness, and GSC performance before keeping."
find-certified-plumber-hillcrest,Find a Certified Plumber in Hillcrest — KZN Plumbers,City Landing,Hillcrest,true,586,0.648,false,legacy_unclassified,keep_review,/plumbers/pinetown-hillcrest,"Review demand, live inventory, uniqueness, and GSC performance before keeping."
find-certified-plumber-kzn-south-coast,Find a Certified Plumber on the KZN South Coast,City Landing,KZN South Coast,true,680,0.598,false,legacy_unclassified,keep_review,/plumbers/south-coast,"Review demand, live inventory, uniqueness, and GSC performance before keeping."
find-certified-plumber-newcastle-kzn,Find a Certified Plumber in Newcastle KZN — KZN Plumbers,City Landing,Newcastle,true,585,0.591,false,legacy_unclassified,keep_review,/plumbers/newcastle,"Review demand, live inventory, uniqueness, and GSC performance before keeping."
find-certified-plumber-pietermaritzburg,Find a Certified Plumber in Pietermaritzburg — KZN Plumbers,City Landing,Pietermaritzburg,true,684,0.707,false,legacy_unclassified,keep_review,/plumbers/pietermaritzburg,"Review demand, live inventory, uniqueness, and GSC performance before keeping."
find-certified-plumber-pinetown,Find a Certified Plumber in Pinetown — KZN Plumbers,City Landing,Pinetown,true,582,0.708,false,legacy_unclassified,keep_review,/plumbers/pinetown-hillcrest,"Review demand, live inventory, uniqueness, and GSC performance before keeping."
find-certified-plumber-port-shepstone,Find a Certified Plumber in Port Shepstone — KZN Plumbers,City Landing,Port Shepstone,true,609,0.595,false,legacy_unclassified,keep_review,/plumbers/south-coast,"Review demand, live inventory, uniqueness, and GSC performance before keeping."
find-certified-plumber-richards-bay,Find a Certified Plumber in Richards Bay — KZN Plumbers,City Landing,Richards Bay,true,652,0.630,false,legacy_unclassified,keep_review,/plumbers/richards-bay,"Review demand, live inventory, uniqueness, and GSC performance before keeping."
find-certified-plumber-umhlanga,Find a Certified Plumber in Umhlanga — KZN Plumbers,City Landing,Umhlanga,true,658,0.714,false,legacy_unclassified,keep_review,/plumbers/durban,"Review demand, live inventory, uniqueness, and GSC performance before keeping."
gas-geyser-installation-kzn,Who installs gas geysers in KwaZulu-Natal?,Geyser Services,KwaZulu-Natal,true,640,0.429,false,legacy_unclassified,keep_review,/services/geyser-repair,"Review demand, live inventory, uniqueness, and GSC performance before keeping."
geyser-coc-kzn,What is a geyser Certificate of Compliance in KZN?,Geyser Services,KwaZulu-Natal,true,680,0.592,false,legacy_unclassified,keep_review,/services/geyser-repair,"Review demand, live inventory, uniqueness, and GSC performance before keeping."
geyser-insurance-claim-south-africa,Can I claim for geyser replacement on home insurance in South Africa?,Geyser Services,KwaZulu-Natal,true,660,0.644,false,legacy_unclassified,keep_review,/services/geyser-repair,"Review demand, live inventory, uniqueness, and GSC performance before keeping."
geyser-repair-durban,Who repairs geysers in Durban?,Geyser Services,Durban,true,637,0.738,false,legacy_unclassified,keep_review,/plumbers/durban,"Review demand, live inventory, uniqueness, and GSC performance before keeping."
geyser-replacement-cost-kzn,How much does geyser replacement cost in KZN?,Geyser Services,KwaZulu-Natal,true,629,0.653,false,legacy_unclassified,keep_review,/services/geyser-repair,"Review demand, live inventory, uniqueness, and GSC performance before keeping."
geyser-service-interval-sa,How often should a geyser be serviced in South Africa?,Geyser Services,KwaZulu-Natal,true,681,0.709,false,legacy_unclassified,keep_review,/services/geyser-repair,"Review demand, live inventory, uniqueness, and GSC performance before keeping."
heat-pump-geyser-durban,Who installs heat pump geysers in Durban?,Geyser Services,Durban,true,624,0.279,false,legacy_unclassified,keep_review,/plumbers/durban,"Review demand, live inventory, uniqueness, and GSC performance before keeping."
heat-pump-vs-solar-geyser-kzn,What is the difference between a heat pump and solar geyser in KZN?,Geyser Services,KwaZulu-Natal,true,630,0.343,false,legacy_unclassified,keep_review,/services/geyser-repair,"Review demand, live inventory, uniqueness, and GSC performance before keeping."
signs-geyser-needs-replacing-kzn,What are the signs my geyser needs replacing in KZN?,Geyser Services,KwaZulu-Natal,true,802,1.000,false,legacy_unclassified,keep_review,/services/geyser-repair,"Review demand, live inventory, uniqueness, and GSC performance before keeping."
solar-geyser-installation-kzn,Who installs solar geysers in KwaZulu-Natal?,Geyser Services,KwaZulu-Natal,true,683,0.570,false,legacy_unclassified,keep_review,/services/geyser-repair,"Review demand, live inventory, uniqueness, and GSC performance before keeping."
drain-durban,Drain Cleaning in Durban,Landing Pages/drain,Durban,true,345,0.870,false,legacy_unclassified,merge_review,/plumbers/durban,High template similarity and limited unique depth.
drain-durban-north,Drain Cleaning in Durban North,Landing Pages/drain,Durban North,true,292,0.798,false,legacy_unclassified,keep_review,/plumbers/durban,"Review demand, live inventory, uniqueness, and GSC performance before keeping."
drain-durban-south,Drain Cleaning in Durban South,Landing Pages/drain,Durban South,true,292,0.798,false,legacy_unclassified,keep_review,/plumbers/durban,"Review demand, live inventory, uniqueness, and GSC performance before keeping."
drain-amanzimtoti,Drain Cleaning in Amanzimtoti,Landing Pages/drain,Amanzimtoti,true,279,0.881,false,legacy_unclassified,merge_review,/services/blocked-drains,High template similarity and limited unique depth.
drain-durbanville,Drain Cleaning in Durbanville,Landing Pages/drain,Durbanville,true,200,0.805,false,legacy_unclassified,remove_review,,Outside the KwaZulu-Natal proposition.
drain-ballito,Drain Cleaning in Ballito,Landing Pages/drain,Ballito,true,279,0.881,false,legacy_unclassified,merge_review,/plumbers/ballito-north-coast,High template similarity and limited unique depth.
drain-berea,Drain Cleaning in Berea,Landing Pages/drain,Berea,true,221,0.861,false,legacy_unclassified,merge_review,/plumbers/durban,High template similarity and limited unique depth.
drain-bluff,Drain Cleaning in Bluff,Landing Pages/drain,Bluff,true,221,0.861,false,legacy_unclassified,merge_review,/services/blocked-drains,High template similarity and limited unique depth.
drain-chatsworth,Drain Cleaning in Chatsworth,Landing Pages/drain,Chatsworth,true,221,0.861,false,legacy_unclassified,merge_review,/services/blocked-drains,High template similarity and limited unique depth.
drain-empangeni,Drain Cleaning in Empangeni,Landing Pages/drain,Empangeni,true,221,0.861,false,legacy_unclassified,merge_review,/plumbers/richards-bay,High template similarity and limited unique depth.
drain-gillitts,Drain Cleaning in Gillitts,Landing Pages/drain,Gillitts,true,221,0.861,false,legacy_unclassified,merge_review,/services/blocked-drains,High template similarity and limited unique depth.
drain-hibiscus-coast-kzn-south-coast,Drain Cleaning in Hibiscus Coast / KZN South Coast,Landing Pages/drain,Hibiscus Coast / KZN South Coast,true,249,0.660,false,legacy_unclassified,keep_review,/plumbers/south-coast,"Review demand, live inventory, uniqueness, and GSC performance before keeping."
drain-hillcrest,Drain Cleaning in Hillcrest,Landing Pages/drain,Hillcrest,true,360,1.000,false,legacy_unclassified,merge_review,/plumbers/pinetown-hillcrest,High template similarity and limited unique depth.
drain-hilton,Drain Cleaning in Hilton,Landing Pages/drain,Hilton,true,221,0.861,false,legacy_unclassified,merge_review,/plumbers/pietermaritzburg,High template similarity and limited unique depth.
drain-howick,Drain Cleaning in Howick,Landing Pages/drain,Howick,true,221,0.861,false,legacy_unclassified,merge_review,/plumbers/pietermaritzburg,High template similarity and limited unique depth.
drain-isipingo,Drain Cleaning in Isipingo,Landing Pages/drain,Isipingo,true,221,0.861,false,legacy_unclassified,merge_review,/services/blocked-drains,High template similarity and limited unique depth.
drain-kloof,Drain Cleaning in Kloof,Landing Pages/drain,Kloof,true,221,0.861,false,legacy_unclassified,merge_review,/plumbers/pinetown-hillcrest,High template similarity and limited unique depth.
drain-kwazulu-natal,Drain Cleaning in KwaZulu-Natal,Landing Pages/drain,KwaZulu-Natal,true,312,0.871,false,legacy_unclassified,merge_review,/services/blocked-drains,High template similarity and limited unique depth.
drain-la-lucia,Drain Cleaning in La Lucia,Landing Pages/drain,La Lucia,true,230,0.861,false,legacy_unclassified,merge_review,/services/blocked-drains,High template similarity and limited unique depth.
drain-margate,Drain Cleaning in Margate,Landing Pages/drain,Margate,true,221,0.861,false,legacy_unclassified,merge_review,/plumbers/south-coast,High template similarity and limited unique depth.
drain-morningside,Drain Cleaning in Morningside,Landing Pages/drain,Morningside,true,221,0.861,false,legacy_unclassified,merge_review,/plumbers/durban,High template similarity and limited unique depth.
drain-mount-edgecombe,Drain Cleaning in Mount Edgecombe,Landing Pages/drain,Mount Edgecombe,true,230,0.794,false,legacy_unclassified,keep_review,/services/blocked-drains,"Review demand, live inventory, uniqueness, and GSC performance before keeping."
drain-musgrave,Drain Cleaning in Musgrave,Landing Pages/drain,Musgrave,true,221,0.861,false,legacy_unclassified,merge_review,/services/blocked-drains,High template similarity and limited unique depth.
drain-new-germany,Drain Cleaning in New Germany,Landing Pages/drain,New Germany,true,230,0.794,false,legacy_unclassified,keep_review,/services/blocked-drains,"Review demand, live inventory, uniqueness, and GSC performance before keeping."
drain-newcastle,Drain Cleaning in Newcastle,Landing Pages/drain,Newcastle,true,279,0.881,false,legacy_unclassified,merge_review,/plumbers/newcastle,High template similarity and limited unique depth.
drain-pietermaritzburg,Drain Cleaning in Pietermaritzburg,Landing Pages/drain,Pietermaritzburg,true,279,0.881,false,legacy_unclassified,merge_review,/plumbers/pietermaritzburg,High template similarity and limited unique depth.
drain-pinetown,Drain Cleaning in Pinetown,Landing Pages/drain,Pinetown,true,279,0.881,false,legacy_unclassified,merge_review,/plumbers/pinetown-hillcrest,High template similarity and limited unique depth.
drain-port-shepstone,Drain Cleaning in Port Shepstone,Landing Pages/drain,Port Shepstone,true,230,0.794,false,legacy_unclassified,keep_review,/plumbers/south-coast,"Review demand, live inventory, uniqueness, and GSC performance before keeping."
drain-queensburgh,Drain Cleaning in Queensburgh,Landing Pages/drain,Queensburgh,true,221,0.861,false,legacy_unclassified,merge_review,/services/blocked-drains,High template similarity and limited unique depth.
drain-richards-bay,Drain Cleaning in Richards Bay,Landing Pages/drain,Richards Bay,true,292,0.798,false,legacy_unclassified,keep_review,/plumbers/richards-bay,"Review demand, live inventory, uniqueness, and GSC performance before keeping."
drain-scottburgh,Drain Cleaning in Scottburgh,Landing Pages/drain,Scottburgh,true,221,0.861,false,legacy_unclassified,merge_review,/plumbers/south-coast,High template similarity and limited unique depth.
drain-tongaat,Drain Cleaning in Tongaat,Landing Pages/drain,Tongaat,true,221,0.861,false,legacy_unclassified,merge_review,/services/blocked-drains,High template similarity and limited unique depth.
drain-umdloti,Drain Cleaning in Umdloti,Landing Pages/drain,Umdloti,true,221,0.861,false,legacy_unclassified,merge_review,/services/blocked-drains,High template similarity and limited unique depth.
drain-umhlanga,Drain Cleaning in Umhlanga,Landing Pages/drain,Umhlanga,true,279,0.881,false,legacy_unclassified,merge_review,/plumbers/durban,High template similarity and limited unique depth.
drain-verulam,Drain Cleaning in Verulam,Landing Pages/drain,Verulam,true,221,0.861,false,legacy_unclassified,merge_review,/services/blocked-drains,High template similarity and limited unique depth.
drain-westville,Drain Cleaning in Westville,Landing Pages/drain,Westville,true,279,0.881,false,legacy_unclassified,merge_review,/plumbers/pinetown-hillcrest,High template similarity and limited unique depth.
list-your-plumbing-business-kzn,How do I list my plumbing business on KZN Plumbers?,Business Listing,KwaZulu-Natal,true,513,0.685,false,legacy_unclassified,keep_review,/,"Review demand, live inventory, uniqueness, and GSC performance before keeping."
advertise-plumbing-services-durban,How do I advertise my plumbing services in Durban?,Business Listing,Durban,true,697,0.693,false,legacy_unclassified,keep_review,/plumbers/durban,"Review demand, live inventory, uniqueness, and GSC performance before keeping."
plumbing-leads-kzn,How do I get more plumbing leads in KwaZulu-Natal?,Business Listing,KwaZulu-Natal,true,598,0.665,false,legacy_unclassified,keep_review,/,"Review demand, live inventory, uniqueness, and GSC performance before keeping."
grow-plumbing-business-south-africa,How can I grow my plumbing business in South Africa?,Business Listing,KwaZulu-Natal,true,703,1.000,false,legacy_unclassified,keep_review,/,"Review demand, live inventory, uniqueness, and GSC performance before keeping."
plumbing-jobs-online-kzn,How do I find plumbing jobs online in KwaZulu-Natal?,Business Listing,KwaZulu-Natal,true,545,0.604,false,legacy_unclassified,keep_review,/,"Review demand, live inventory, uniqueness, and GSC performance before keeping."
durban-water-outages-2026,Why does Durban keep experiencing water outages in 2026?,Editorial / Blog,Durban,true,677,0.519,false,legacy_unclassified,keep_review,/plumbers/durban,"Review demand, live inventory, uniqueness, and GSC performance before keeping."
cost-ignoring-plumbing-problems-commercial-buildings,What is the cost of ignoring plumbing problems in commercial buildings?,Editorial / Blog,KwaZulu-Natal,true,619,0.381,false,legacy_unclassified,keep_review,/services/commercial,"Review demand, live inventory, uniqueness, and GSC performance before keeping."
reduce-water-usage-durban-restrictions,How can Durban homeowners reduce water usage during restrictions?,Editorial / Blog,Durban,true,599,0.527,false,legacy_unclassified,keep_review,/plumbers/durban,"Review demand, live inventory, uniqueness, and GSC performance before keeping."
responsibility-plumbing-repairs-tenant-landlord-municipality,"Who is responsible for plumbing repairs: tenant, landlord or municipality?",Editorial / Blog,KwaZulu-Natal,true,740,0.655,false,legacy_unclassified,keep_review,/,"Review demand, live inventory, uniqueness, and GSC performance before keeping."
detect-hidden-water-leak-kzn,How do I detect a hidden water leak before it becomes expensive?,Editorial / Blog,KwaZulu-Natal,true,747,1.000,false,legacy_unclassified,keep_review,/,"Review demand, live inventory, uniqueness, and GSC performance before keeping."
areas-affected-durban-water-outages,Which areas are most affected by Durban water outages?,Editorial / Blog,Durban,true,577,0.300,false,legacy_unclassified,keep_review,/plumbers/durban,"Review demand, live inventory, uniqueness, and GSC performance before keeping."
durban-businesses-water-outages-impact,How are Durban businesses losing money during water outages?,Editorial / Blog,Durban,true,550,0.322,false,legacy_unclassified,keep_review,/plumbers/durban,"Review demand, live inventory, uniqueness, and GSC performance before keeping."
what-to-do-no-water-durban,What should I do when my area has no water in Durban?,Editorial / Blog,Durban,true,633,0.516,false,legacy_unclassified,keep_review,/plumbers/durban,"Review demand, live inventory, uniqueness, and GSC performance before keeping."
low-water-pressure-plumber-kzn,Why do I have low water pressure and who can fix it in KZN?,Service Keywords,KwaZulu-Natal,true,519,0.438,false,legacy_unclassified,keep_review,/,"Review demand, live inventory, uniqueness, and GSC performance before keeping."
industrial-residential-plumber-kzn,Who offers industrial and residential plumbing in KwaZulu-Natal?,Service Keywords,KwaZulu-Natal,true,434,0.404,false,legacy_unclassified,keep_review,/services/commercial,"Review demand, live inventory, uniqueness, and GSC performance before keeping."
backup-water-system-durban,How do I install a backup water system in Durban?,Service Keywords,Durban,true,620,1.000,false,legacy_unclassified,keep_review,/plumbers/durban,"Review demand, live inventory, uniqueness, and GSC performance before keeping."
advice-durban,Plumbing Advice in Durban,Landing Pages/advice,Durban,true,150,0.877,false,legacy_unclassified,noindex_review,/plumbers/durban,Very thin body; keep indexable only if live inventory and proven demand add unique value.
advice-kwazulu-natal,Plumbing Advice in KwaZulu-Natal,Landing Pages/advice,KwaZulu-Natal,true,155,0.897,false,legacy_unclassified,noindex_review,/,Very thin body; keep indexable only if live inventory and proven demand add unique value.
advice-kzn,Plumbing Advice in KZN,Landing Pages/advice,KZN,true,245,1.000,false,legacy_unclassified,merge_review,/,High template similarity and limited unique depth.
burst-pipe-amanzimtoti,Burst Pipe Repair in Amanzimtoti,Landing Pages/burst,Amanzimtoti,true,346,0.850,false,legacy_unclassified,keep_review,/services/burst-pipes,"Review demand, live inventory, uniqueness, and GSC performance before keeping."
burst-pipe-ballito,Burst Pipe Repair in Ballito,Landing Pages/burst,Ballito,true,346,0.850,false,legacy_unclassified,keep_review,/plumbers/ballito-north-coast,"Review demand, live inventory, uniqueness, and GSC performance before keeping."
burst-pipe-berea,Burst Pipe Repair in Berea,Landing Pages/burst,Berea,true,227,0.810,false,legacy_unclassified,keep_review,/plumbers/durban,"Review demand, live inventory, uniqueness, and GSC performance before keeping."
burst-pipe-bluff,Burst Pipe Repair in Bluff,Landing Pages/burst,Bluff,true,227,0.810,false,legacy_unclassified,keep_review,/services/burst-pipes,"Review demand, live inventory, uniqueness, and GSC performance before keeping."
burst-pipe-chatsworth,Burst Pipe Repair in Chatsworth,Landing Pages/burst,Chatsworth,true,227,0.810,false,legacy_unclassified,keep_review,/services/burst-pipes,"Review demand, live inventory, uniqueness, and GSC performance before keeping."
burst-pipe-durban,Burst Pipe Repair in Durban,Landing Pages/burst,Durban,true,331,0.910,false,legacy_unclassified,merge_review,/plumbers/durban,High template similarity and limited unique depth.
burst-pipe-durban-central,Burst Pipe Repair in Durban Central,Landing Pages/burst,Durban Central,true,261,0.866,false,legacy_unclassified,merge_review,/plumbers/durban,High template similarity and limited unique depth.
burst-pipe-durban-north,Burst Pipe Repair in Durban North,Landing Pages/burst,Durban North,true,363,1.000,false,legacy_unclassified,merge_review,/plumbers/durban,High template similarity and limited unique depth.
burst-pipe-durban-south,Burst Pipe Repair in Durban South,Landing Pages/burst,Durban South,true,363,0.939,false,legacy_unclassified,merge_review,/plumbers/durban,High template similarity and limited unique depth.
burst-pipe-durban-woodlands,Burst Pipe Repair in Durban / Woodlands,Landing Pages/burst,Durban / Woodlands,true,278,0.860,false,legacy_unclassified,keep_review,/plumbers/durban,"Review demand, live inventory, uniqueness, and GSC performance before keeping."
burst-pipe-empangeni,Burst Pipe Repair in Empangeni,Landing Pages/burst,Empangeni,true,227,0.810,false,legacy_unclassified,keep_review,/plumbers/richards-bay,"Review demand, live inventory, uniqueness, and GSC performance before keeping."
burst-pipe-gillitts,Burst Pipe Repair in Gillitts,Landing Pages/burst,Gillitts,true,227,0.810,false,legacy_unclassified,keep_review,/services/burst-pipes,"Review demand, live inventory, uniqueness, and GSC performance before keeping."
burst-pipe-hillcrest,Burst Pipe Repair in Hillcrest,Landing Pages/burst,Hillcrest,true,346,0.850,false,legacy_unclassified,keep_review,/plumbers/pinetown-hillcrest,"Review demand, live inventory, uniqueness, and GSC performance before keeping."
burst-pipe-hilton,Burst Pipe Repair in Hilton,Landing Pages/burst,Hilton,true,227,0.810,false,legacy_unclassified,keep_review,/plumbers/pietermaritzburg,"Review demand, live inventory, uniqueness, and GSC performance before keeping."
burst-pipe-howick,Burst Pipe Repair in Howick,Landing Pages/burst,Howick,true,227,0.810,false,legacy_unclassified,keep_review,/plumbers/pietermaritzburg,"Review demand, live inventory, uniqueness, and GSC performance before keeping."
burst-pipe-isipingo,Burst Pipe Repair in Isipingo,Landing Pages/burst,Isipingo,true,227,0.810,false,legacy_unclassified,keep_review,/services/burst-pipes,"Review demand, live inventory, uniqueness, and GSC performance before keeping."
burst-pipe-kloof,Burst Pipe Repair in Kloof,Landing Pages/burst,Kloof,true,227,0.810,false,legacy_unclassified,keep_review,/plumbers/pinetown-hillcrest,"Review demand, live inventory, uniqueness, and GSC performance before keeping."
burst-pipe-kwazulu-natal,Burst Pipe Repair in KwaZulu-Natal,Landing Pages/burst,KwaZulu-Natal,true,331,0.837,false,legacy_unclassified,keep_review,/services/burst-pipes,"Review demand, live inventory, uniqueness, and GSC performance before keeping."
burst-pipe-kzn-south-coast-amanzimtoti-isiphingo-umlazi,Burst Pipe Repair in KZN South Coast / Amanzimtoti / Isiphingo / uMlazi,Landing Pages/burst,KZN South Coast / Amanzimtoti / Isiphingo / uMlazi,true,332,0.595,false,legacy_unclassified,keep_review,/plumbers/south-coast,"Review demand, live inventory, uniqueness, and GSC performance before keeping."
burst-pipe-la-lucia,Burst Pipe Repair in La Lucia,Landing Pages/burst,La Lucia,true,236,0.810,false,legacy_unclassified,keep_review,/services/burst-pipes,"Review demand, live inventory, uniqueness, and GSC performance before keeping."
burst-pipe-margate,Burst Pipe Repair in Margate,Landing Pages/burst,Margate,true,227,0.810,false,legacy_unclassified,keep_review,/plumbers/south-coast,"Review demand, live inventory, uniqueness, and GSC performance before keeping."
burst-pipe-morningside,Burst Pipe Repair in Morningside,Landing Pages/burst,Morningside,true,227,0.810,false,legacy_unclassified,keep_review,/plumbers/durban,"Review demand, live inventory, uniqueness, and GSC performance before keeping."
burst-pipe-mount-edgecombe,Burst Pipe Repair in Mount Edgecombe,Landing Pages/burst,Mount Edgecombe,true,236,0.759,false,legacy_unclassified,keep_review,/services/burst-pipes,"Review demand, live inventory, uniqueness, and GSC performance before keeping."
burst-pipe-musgrave,Burst Pipe Repair in Musgrave,Landing Pages/burst,Musgrave,true,227,0.810,false,legacy_unclassified,keep_review,/services/burst-pipes,"Review demand, live inventory, uniqueness, and GSC performance before keeping."
burst-pipe-new-germany,Burst Pipe Repair in New Germany,Landing Pages/burst,New Germany,true,236,0.759,false,legacy_unclassified,keep_review,/services/burst-pipes,"Review demand, live inventory, uniqueness, and GSC performance before keeping."
burst-pipe-newcastle,Burst Pipe Repair in Newcastle,Landing Pages/burst,Newcastle,true,285,0.837,false,legacy_unclassified,keep_review,/plumbers/newcastle,"Review demand, live inventory, uniqueness, and GSC performance before keeping."
burst-pipe-pietermaritzburg,Burst Pipe Repair in Pietermaritzburg,Landing Pages/burst,Pietermaritzburg,true,346,0.850,false,legacy_unclassified,keep_review,/plumbers/pietermaritzburg,"Review demand, live inventory, uniqueness, and GSC performance before keeping."
burst-pipe-pinetown,Burst Pipe Repair in Pinetown,Landing Pages/burst,Pinetown,true,346,0.850,false,legacy_unclassified,keep_review,/plumbers/pinetown-hillcrest,"Review demand, live inventory, uniqueness, and GSC performance before keeping."
burst-pipe-port-shepstone,Burst Pipe Repair in Port Shepstone,Landing Pages/burst,Port Shepstone,true,236,0.759,false,legacy_unclassified,keep_review,/plumbers/south-coast,"Review demand, live inventory, uniqueness, and GSC performance before keeping."
burst-pipe-queensburgh,Burst Pipe Repair in Queensburgh,Landing Pages/burst,Queensburgh,true,227,0.810,false,legacy_unclassified,keep_review,/services/burst-pipes,"Review demand, live inventory, uniqueness, and GSC performance before keeping."
burst-pipe-richards-bay,Burst Pipe Repair in Richards Bay,Landing Pages/burst,Richards Bay,true,298,0.769,false,legacy_unclassified,keep_review,/plumbers/richards-bay,"Review demand, live inventory, uniqueness, and GSC performance before keeping."
burst-pipe-scottburgh,Burst Pipe Repair in Scottburgh,Landing Pages/burst,Scottburgh,true,227,0.810,false,legacy_unclassified,keep_review,/plumbers/south-coast,"Review demand, live inventory, uniqueness, and GSC performance before keeping."
burst-pipe-tongaat,Burst Pipe Repair in Tongaat,Landing Pages/burst,Tongaat,true,227,0.810,false,legacy_unclassified,keep_review,/services/burst-pipes,"Review demand, live inventory, uniqueness, and GSC performance before keeping."
burst-pipe-umdloti,Burst Pipe Repair in Umdloti,Landing Pages/burst,Umdloti,true,227,0.810,false,legacy_unclassified,keep_review,/services/burst-pipes,"Review demand, live inventory, uniqueness, and GSC performance before keeping."
burst-pipe-umhlanga,Burst Pipe Repair in Umhlanga,Landing Pages/burst,Umhlanga,true,346,0.850,false,legacy_unclassified,keep_review,/plumbers/durban,"Review demand, live inventory, uniqueness, and GSC performance before keeping."
burst-pipe-verulam,Burst Pipe Repair in Verulam,Landing Pages/burst,Verulam,true,227,0.810,false,legacy_unclassified,keep_review,/services/burst-pipes,"Review demand, live inventory, uniqueness, and GSC performance before keeping."
burst-pipe-westville,Burst Pipe Repair in Westville,Landing Pages/burst,Westville,true,346,0.850,false,legacy_unclassified,keep_review,/plumbers/pinetown-hillcrest,"Review demand, live inventory, uniqueness, and GSC performance before keeping."
comparison-amanzimtoti,Plumber Comparison in Amanzimtoti,Landing Pages/comparison,Amanzimtoti,true,153,0.882,false,legacy_unclassified,noindex_review,/,Very thin body; keep indexable only if live inventory and proven demand add unique value.
comparison-ballito,Plumber Comparison in Ballito,Landing Pages/comparison,Ballito,true,153,0.882,false,legacy_unclassified,noindex_review,/plumbers/ballito-north-coast,Very thin body; keep indexable only if live inventory and proven demand add unique value.
comparison-berea,Plumber Comparison in Berea,Landing Pages/comparison,Berea,true,153,0.882,false,legacy_unclassified,noindex_review,/plumbers/durban,Very thin body; keep indexable only if live inventory and proven demand add unique value.
comparison-bluff,Plumber Comparison in Bluff,Landing Pages/comparison,Bluff,true,153,0.882,false,legacy_unclassified,noindex_review,/,Very thin body; keep indexable only if live inventory and proven demand add unique value.
comparison-durban,Plumber Comparison in Durban,Landing Pages/comparison,Durban,true,153,0.923,false,legacy_unclassified,noindex_review,/plumbers/durban,Very thin body; keep indexable only if live inventory and proven demand add unique value.
comparison-durban-north,Plumber Comparison in Durban North,Landing Pages/comparison,Durban North,true,160,1.000,false,legacy_unclassified,noindex_review,/plumbers/durban,Very thin body; keep indexable only if live inventory and proven demand add unique value.
comparison-durban-south,Plumber Comparison in Durban South,Landing Pages/comparison,Durban South,true,160,0.954,false,legacy_unclassified,noindex_review,/plumbers/durban,Very thin body; keep indexable only if live inventory and proven demand add unique value.
comparison-empangeni,Plumber Comparison in Empangeni,Landing Pages/comparison,Empangeni,true,153,0.882,false,legacy_unclassified,noindex_review,/plumbers/richards-bay,Very thin body; keep indexable only if live inventory and proven demand add unique value.
comparison-gillitts,Plumber Comparison in Gillitts,Landing Pages/comparison,Gillitts,true,153,0.882,false,legacy_unclassified,noindex_review,/,Very thin body; keep indexable only if live inventory and proven demand add unique value.
comparison-hillcrest,Plumber Comparison in Hillcrest,Landing Pages/comparison,Hillcrest,true,153,0.882,false,legacy_unclassified,noindex_review,/plumbers/pinetown-hillcrest,Very thin body; keep indexable only if live inventory and proven demand add unique value.
comparison-hilton,Plumber Comparison in Hilton,Landing Pages/comparison,Hilton,true,153,0.882,false,legacy_unclassified,noindex_review,/plumbers/pietermaritzburg,Very thin body; keep indexable only if live inventory and proven demand add unique value.
comparison-howick,Plumber Comparison in Howick,Landing Pages/comparison,Howick,true,153,0.882,false,legacy_unclassified,noindex_review,/plumbers/pietermaritzburg,Very thin body; keep indexable only if live inventory and proven demand add unique value.
comparison-isipingo,Plumber Comparison in Isipingo,Landing Pages/comparison,Isipingo,true,153,0.882,false,legacy_unclassified,noindex_review,/,Very thin body; keep indexable only if live inventory and proven demand add unique value.
comparison-kloof,Plumber Comparison in Kloof,Landing Pages/comparison,Kloof,true,153,0.882,false,legacy_unclassified,noindex_review,/plumbers/pinetown-hillcrest,Very thin body; keep indexable only if live inventory and proven demand add unique value.
comparison-kzn,Plumber Comparison in KZN,Landing Pages/comparison,KZN,true,153,0.881,false,legacy_unclassified,noindex_review,/,Very thin body; keep indexable only if live inventory and proven demand add unique value.
comparison-la-lucia,Plumber Comparison in La Lucia,Landing Pages/comparison,La Lucia,true,160,0.882,false,legacy_unclassified,noindex_review,/,Very thin body; keep indexable only if live inventory and proven demand add unique value.
comparison-margate,Plumber Comparison in Margate,Landing Pages/comparison,Margate,true,153,0.882,false,legacy_unclassified,noindex_review,/plumbers/south-coast,Very thin body; keep indexable only if live inventory and proven demand add unique value.
comparison-morningside,Plumber Comparison in Morningside,Landing Pages/comparison,Morningside,true,153,0.882,false,legacy_unclassified,noindex_review,/plumbers/durban,Very thin body; keep indexable only if live inventory and proven demand add unique value.
comparison-mount-edgecombe,Plumber Comparison in Mount Edgecombe,Landing Pages/comparison,Mount Edgecombe,true,160,0.821,false,legacy_unclassified,noindex_review,/,Very thin body; keep indexable only if live inventory and proven demand add unique value.
comparison-musgrave,Plumber Comparison in Musgrave,Landing Pages/comparison,Musgrave,true,153,0.882,false,legacy_unclassified,noindex_review,/,Very thin body; keep indexable only if live inventory and proven demand add unique value.
comparison-new-germany,Plumber Comparison in New Germany,Landing Pages/comparison,New Germany,true,160,0.821,false,legacy_unclassified,noindex_review,/,Very thin body; keep indexable only if live inventory and proven demand add unique value.
comparison-newcastle,Plumber Comparison in Newcastle,Landing Pages/comparison,Newcastle,true,153,0.882,false,legacy_unclassified,noindex_review,/plumbers/newcastle,Very thin body; keep indexable only if live inventory and proven demand add unique value.
comparison-pietermaritzburg,Plumber Comparison in Pietermaritzburg,Landing Pages/comparison,Pietermaritzburg,true,153,0.882,false,legacy_unclassified,noindex_review,/plumbers/pietermaritzburg,Very thin body; keep indexable only if live inventory and proven demand add unique value.
comparison-pinetown,Plumber Comparison in Pinetown,Landing Pages/comparison,Pinetown,true,153,0.882,false,legacy_unclassified,noindex_review,/plumbers/pinetown-hillcrest,Very thin body; keep indexable only if live inventory and proven demand add unique value.
comparison-port-shepstone,Plumber Comparison in Port Shepstone,Landing Pages/comparison,Port Shepstone,true,160,0.821,false,legacy_unclassified,noindex_review,/plumbers/south-coast,Very thin body; keep indexable only if live inventory and proven demand add unique value.
comparison-queensburgh,Plumber Comparison in Queensburgh,Landing Pages/comparison,Queensburgh,true,153,0.882,false,legacy_unclassified,noindex_review,/,Very thin body; keep indexable only if live inventory and proven demand add unique value.
comparison-richards-bay,Plumber Comparison in Richards Bay,Landing Pages/comparison,Richards Bay,true,160,0.821,false,legacy_unclassified,noindex_review,/plumbers/richards-bay,Very thin body; keep indexable only if live inventory and proven demand add unique value.
comparison-scottburgh,Plumber Comparison in Scottburgh,Landing Pages/comparison,Scottburgh,true,153,0.882,false,legacy_unclassified,noindex_review,/plumbers/south-coast,Very thin body; keep indexable only if live inventory and proven demand add unique value.
comparison-tongaat,Plumber Comparison in Tongaat,Landing Pages/comparison,Tongaat,true,153,0.882,false,legacy_unclassified,noindex_review,/,Very thin body; keep indexable only if live inventory and proven demand add unique value.
comparison-umdloti,Plumber Comparison in Umdloti,Landing Pages/comparison,Umdloti,true,153,0.882,false,legacy_unclassified,noindex_review,/,Very thin body; keep indexable only if live inventory and proven demand add unique value.
comparison-umhlanga,Plumber Comparison in Umhlanga,Landing Pages/comparison,Umhlanga,true,153,0.882,false,legacy_unclassified,noindex_review,/plumbers/durban,Very thin body; keep indexable only if live inventory and proven demand add unique value.
comparison-verulam,Plumber Comparison in Verulam,Landing Pages/comparison,Verulam,true,153,0.882,false,legacy_unclassified,noindex_review,/,Very thin body; keep indexable only if live inventory and proven demand add unique value.
comparison-westville,Plumber Comparison in Westville,Landing Pages/comparison,Westville,true,153,0.882,false,legacy_unclassified,noindex_review,/plumbers/pinetown-hillcrest,Very thin body; keep indexable only if live inventory and proven demand add unique value.
complaint-kzn,Plumber Complaints in KZN,Landing Pages/complaint,KZN,true,153,1.000,false,legacy_unclassified,noindex_review,/,Very thin body; keep indexable only if live inventory and proven demand add unique value.
compliance-amanzimtoti,PIRB Compliance in Amanzimtoti,Landing Pages/compliance,Amanzimtoti,true,283,0.904,false,legacy_unclassified,merge_review,/,High template similarity and limited unique depth.
compliance-ballito,PIRB Compliance in Ballito,Landing Pages/compliance,Ballito,true,283,0.904,false,legacy_unclassified,merge_review,/plumbers/ballito-north-coast,High template similarity and limited unique depth.
compliance-berea,PIRB Compliance in Berea,Landing Pages/compliance,Berea,true,221,0.881,false,legacy_unclassified,merge_review,/plumbers/durban,High template similarity and limited unique depth.
compliance-bluff,PIRB Compliance in Bluff,Landing Pages/compliance,Bluff,true,221,0.881,false,legacy_unclassified,merge_review,/,High template similarity and limited unique depth.
compliance-chatsworth,PIRB Compliance in Chatsworth,Landing Pages/compliance,Chatsworth,true,221,0.881,false,legacy_unclassified,merge_review,/,High template similarity and limited unique depth.
compliance-durban,PIRB Compliance in Durban,Landing Pages/compliance,Durban,true,337,1.000,false,legacy_unclassified,merge_review,/plumbers/durban,High template similarity and limited unique depth.
compliance-durban-north,PIRB Compliance in Durban North,Landing Pages/compliance,Durban North,true,297,0.898,false,legacy_unclassified,merge_review,/plumbers/durban,High template similarity and limited unique depth.
compliance-durban-south,PIRB Compliance in Durban South,Landing Pages/compliance,Durban South,true,297,0.898,false,legacy_unclassified,merge_review,/plumbers/durban,High template similarity and limited unique depth.
compliance-empangeni,PIRB Compliance in Empangeni,Landing Pages/compliance,Empangeni,true,221,0.881,false,legacy_unclassified,merge_review,/plumbers/richards-bay,High template similarity and limited unique depth.
compliance-gillitts,PIRB Compliance in Gillitts,Landing Pages/compliance,Gillitts,true,221,0.881,false,legacy_unclassified,merge_review,/,High template similarity and limited unique depth.
compliance-hillcrest,PIRB Compliance in Hillcrest,Landing Pages/compliance,Hillcrest,true,283,0.904,false,legacy_unclassified,merge_review,/plumbers/pinetown-hillcrest,High template similarity and limited unique depth.
compliance-hilton,PIRB Compliance in Hilton,Landing Pages/compliance,Hilton,true,221,0.881,false,legacy_unclassified,merge_review,/plumbers/pietermaritzburg,High template similarity and limited unique depth.
compliance-howick,PIRB Compliance in Howick,Landing Pages/compliance,Howick,true,221,0.881,false,legacy_unclassified,merge_review,/plumbers/pietermaritzburg,High template similarity and limited unique depth.
compliance-howick-kzn,PIRB Compliance in Howick / KZN,Landing Pages/compliance,Howick / KZN,true,247,0.761,false,legacy_unclassified,keep_review,/plumbers/pietermaritzburg,"Review demand, live inventory, uniqueness, and GSC performance before keeping."
compliance-isipingo,PIRB Compliance in Isipingo,Landing Pages/compliance,Isipingo,true,221,0.881,false,legacy_unclassified,merge_review,/,High template similarity and limited unique depth.
compliance-kloof,PIRB Compliance in Kloof,Landing Pages/compliance,Kloof,true,221,0.881,false,legacy_unclassified,merge_review,/plumbers/pinetown-hillcrest,High template similarity and limited unique depth.
compliance-kwazulu-natal,PIRB Compliance in KwaZulu-Natal,Landing Pages/compliance,KwaZulu-Natal,true,316,0.906,false,legacy_unclassified,merge_review,/,High template similarity and limited unique depth.
compliance-kzn,PIRB Compliance in KZN,Landing Pages/compliance,KZN,true,203,0.833,false,legacy_unclassified,keep_review,/,"Review demand, live inventory, uniqueness, and GSC performance before keeping."
compliance-la-lucia,PIRB Compliance in La Lucia,Landing Pages/compliance,La Lucia,true,231,0.881,false,legacy_unclassified,merge_review,/,High template similarity and limited unique depth.
compliance-margate,PIRB Compliance in Margate,Landing Pages/compliance,Margate,true,221,0.881,false,legacy_unclassified,merge_review,/plumbers/south-coast,High template similarity and limited unique depth.
compliance-morningside,PIRB Compliance in Morningside,Landing Pages/compliance,Morningside,true,221,0.881,false,legacy_unclassified,merge_review,/plumbers/durban,High template similarity and limited unique depth.
compliance-mount-edgecombe,PIRB Compliance in Mount Edgecombe,Landing Pages/compliance,Mount Edgecombe,true,231,0.804,false,legacy_unclassified,keep_review,/,"Review demand, live inventory, uniqueness, and GSC performance before keeping."
compliance-musgrave,PIRB Compliance in Musgrave,Landing Pages/compliance,Musgrave,true,221,0.881,false,legacy_unclassified,merge_review,/,High template similarity and limited unique depth.
compliance-new-germany,PIRB Compliance in New Germany,Landing Pages/compliance,New Germany,true,231,0.804,false,legacy_unclassified,keep_review,/,"Review demand, live inventory, uniqueness, and GSC performance before keeping."
compliance-newcastle,PIRB Compliance in Newcastle,Landing Pages/compliance,Newcastle,true,283,0.904,false,legacy_unclassified,merge_review,/plumbers/newcastle,High template similarity and limited unique depth.
compliance-pietermaritzburg,PIRB Compliance in Pietermaritzburg,Landing Pages/compliance,Pietermaritzburg,true,283,0.904,false,legacy_unclassified,merge_review,/plumbers/pietermaritzburg,High template similarity and limited unique depth.
compliance-pinetown,PIRB Compliance in Pinetown,Landing Pages/compliance,Pinetown,true,283,0.904,false,legacy_unclassified,merge_review,/plumbers/pinetown-hillcrest,High template similarity and limited unique depth.
compliance-port-shepstone,PIRB Compliance in Port Shepstone,Landing Pages/compliance,Port Shepstone,true,231,0.804,false,legacy_unclassified,keep_review,/plumbers/south-coast,"Review demand, live inventory, uniqueness, and GSC performance before keeping."
compliance-queensburgh,PIRB Compliance in Queensburgh,Landing Pages/compliance,Queensburgh,true,221,0.881,false,legacy_unclassified,merge_review,/,High template similarity and limited unique depth.
compliance-richards-bay,PIRB Compliance in Richards Bay,Landing Pages/compliance,Richards Bay,true,297,0.814,false,legacy_unclassified,keep_review,/plumbers/richards-bay,"Review demand, live inventory, uniqueness, and GSC performance before keeping."
compliance-scottburgh,PIRB Compliance in Scottburgh,Landing Pages/compliance,Scottburgh,true,221,0.881,false,legacy_unclassified,merge_review,/plumbers/south-coast,High template similarity and limited unique depth.
compliance-south-africa,PIRB Compliance in South Africa,Landing Pages/compliance,South Africa,true,315,0.803,false,legacy_unclassified,keep_review,/,"Review demand, live inventory, uniqueness, and GSC performance before keeping."
compliance-tongaat,PIRB Compliance in Tongaat,Landing Pages/compliance,Tongaat,true,221,0.881,false,legacy_unclassified,merge_review,/,High template similarity and limited unique depth.
compliance-umdloti,PIRB Compliance in Umdloti,Landing Pages/compliance,Umdloti,true,221,0.881,false,legacy_unclassified,merge_review,/,High template similarity and limited unique depth.
compliance-umhlanga,PIRB Compliance in Umhlanga,Landing Pages/compliance,Umhlanga,true,310,0.917,false,legacy_unclassified,merge_review,/plumbers/durban,High template similarity and limited unique depth.
compliance-verulam,PIRB Compliance in Verulam,Landing Pages/compliance,Verulam,true,221,0.881,false,legacy_unclassified,merge_review,/,High template similarity and limited unique depth.
compliance-westville,PIRB Compliance in Westville,Landing Pages/compliance,Westville,true,283,0.904,false,legacy_unclassified,merge_review,/plumbers/pinetown-hillcrest,High template similarity and limited unique depth.
gas-berea,Gas Plumbing in Berea,Landing Pages/gas,Berea,true,220,0.887,false,legacy_unclassified,merge_review,/plumbers/durban,High template similarity and limited unique depth.
gas-bluff,Gas Plumbing in Bluff,Landing Pages/gas,Bluff,true,220,0.887,false,legacy_unclassified,merge_review,/services/gas-fitting,High template similarity and limited unique depth.
gas-amanzimtoti,Gas Plumbing in Amanzimtoti,Landing Pages/gas,Amanzimtoti,true,278,0.916,false,legacy_unclassified,merge_review,/services/gas-fitting,High template similarity and limited unique depth.
gas-ballito,Gas Plumbing in Ballito,Landing Pages/gas,Ballito,true,278,0.916,false,legacy_unclassified,merge_review,/plumbers/ballito-north-coast,High template similarity and limited unique depth.
gas-cape-town,Gas Plumbing in Cape Town,Landing Pages/gas,Cape Town,true,253,0.769,false,legacy_unclassified,remove_review,,Outside the KwaZulu-Natal proposition.
gas-chatsworth,Gas Plumbing in Chatsworth,Landing Pages/gas,Chatsworth,true,220,0.887,false,legacy_unclassified,merge_review,/services/gas-fitting,High template similarity and limited unique depth.
gas-durban,Gas Plumbing in Durban,Landing Pages/gas,Durban,true,344,1.000,false,legacy_unclassified,merge_review,/plumbers/durban,High template similarity and limited unique depth.
gas-durban-north,Gas Plumbing in Durban North,Landing Pages/gas,Durban North,true,291,0.912,false,legacy_unclassified,merge_review,/plumbers/durban,High template similarity and limited unique depth.
gas-durban-south,Gas Plumbing in Durban South,Landing Pages/gas,Durban South,true,291,0.911,false,legacy_unclassified,merge_review,/plumbers/durban,High template similarity and limited unique depth.
gas-empangeni,Gas Plumbing in Empangeni,Landing Pages/gas,Empangeni,true,220,0.887,false,legacy_unclassified,merge_review,/plumbers/richards-bay,High template similarity and limited unique depth.
gas-gillitts,Gas Plumbing in Gillitts,Landing Pages/gas,Gillitts,true,220,0.887,false,legacy_unclassified,merge_review,/services/gas-fitting,High template similarity and limited unique depth.
gas-hillcrest,Gas Plumbing in Hillcrest,Landing Pages/gas,Hillcrest,true,278,0.916,false,legacy_unclassified,merge_review,/plumbers/pinetown-hillcrest,High template similarity and limited unique depth.
gas-hilton,Gas Plumbing in Hilton,Landing Pages/gas,Hilton,true,220,0.887,false,legacy_unclassified,merge_review,/plumbers/pietermaritzburg,High template similarity and limited unique depth.
gas-howick,Gas Plumbing in Howick,Landing Pages/gas,Howick,true,220,0.887,false,legacy_unclassified,merge_review,/plumbers/pietermaritzburg,High template similarity and limited unique depth.
gas-isipingo,Gas Plumbing in Isipingo,Landing Pages/gas,Isipingo,true,220,0.887,false,legacy_unclassified,merge_review,/services/gas-fitting,High template similarity and limited unique depth.
gas-kloof,Gas Plumbing in Kloof,Landing Pages/gas,Kloof,true,220,0.887,false,legacy_unclassified,merge_review,/plumbers/pinetown-hillcrest,High template similarity and limited unique depth.
gas-kwazulu-natal,Gas Plumbing in KwaZulu-Natal,Landing Pages/gas,KwaZulu-Natal,true,320,0.917,false,legacy_unclassified,merge_review,/services/gas-fitting,High template similarity and limited unique depth.
gas-la-lucia,Gas Plumbing in La Lucia,Landing Pages/gas,La Lucia,true,229,0.887,false,legacy_unclassified,merge_review,/services/gas-fitting,High template similarity and limited unique depth.
gas-margate,Gas Plumbing in Margate,Landing Pages/gas,Margate,true,220,0.887,false,legacy_unclassified,merge_review,/plumbers/south-coast,High template similarity and limited unique depth.
gas-morningside,Gas Plumbing in Morningside,Landing Pages/gas,Morningside,true,220,0.887,false,legacy_unclassified,merge_review,/plumbers/durban,High template similarity and limited unique depth.
gas-mount-edgecombe,Gas Plumbing in Mount Edgecombe,Landing Pages/gas,Mount Edgecombe,true,229,0.827,false,legacy_unclassified,keep_review,/services/gas-fitting,"Review demand, live inventory, uniqueness, and GSC performance before keeping."
gas-musgrave,Gas Plumbing in Musgrave,Landing Pages/gas,Musgrave,true,220,0.887,false,legacy_unclassified,merge_review,/services/gas-fitting,High template similarity and limited unique depth.
gas-new-germany,Gas Plumbing in New Germany,Landing Pages/gas,New Germany,true,229,0.827,false,legacy_unclassified,keep_review,/services/gas-fitting,"Review demand, live inventory, uniqueness, and GSC performance before keeping."
gas-newcastle,Gas Plumbing in Newcastle,Landing Pages/gas,Newcastle,true,278,0.916,false,legacy_unclassified,merge_review,/plumbers/newcastle,High template similarity and limited unique depth.
gas-pietermaritzburg,Gas Plumbing in Pietermaritzburg,Landing Pages/gas,Pietermaritzburg,true,330,0.913,false,legacy_unclassified,merge_review,/plumbers/pietermaritzburg,High template similarity and limited unique depth.
gas-pinetown,Gas Plumbing in Pinetown,Landing Pages/gas,Pinetown,true,278,0.916,false,legacy_unclassified,merge_review,/plumbers/pinetown-hillcrest,High template similarity and limited unique depth.
gas-port-shepstone,Gas Plumbing in Port Shepstone,Landing Pages/gas,Port Shepstone,true,229,0.827,false,legacy_unclassified,keep_review,/plumbers/south-coast,"Review demand, live inventory, uniqueness, and GSC performance before keeping."
gas-queensburgh,Gas Plumbing in Queensburgh,Landing Pages/gas,Queensburgh,true,220,0.887,false,legacy_unclassified,merge_review,/services/gas-fitting,High template similarity and limited unique depth.
gas-richards-bay,Gas Plumbing in Richards Bay,Landing Pages/gas,Richards Bay,true,291,0.837,false,legacy_unclassified,keep_review,/plumbers/richards-bay,"Review demand, live inventory, uniqueness, and GSC performance before keeping."
gas-scottburgh,Gas Plumbing in Scottburgh,Landing Pages/gas,Scottburgh,true,220,0.887,false,legacy_unclassified,merge_review,/plumbers/south-coast,High template similarity and limited unique depth.
gas-south-africa,Gas Plumbing in South Africa,Landing Pages/gas,South Africa,true,239,0.772,false,legacy_unclassified,keep_review,/services/gas-fitting,"Review demand, live inventory, uniqueness, and GSC performance before keeping."
gas-tongaat,Gas Plumbing in Tongaat,Landing Pages/gas,Tongaat,true,220,0.887,false,legacy_unclassified,merge_review,/services/gas-fitting,High template similarity and limited unique depth.
gas-umdloti,Gas Plumbing in Umdloti,Landing Pages/gas,Umdloti,true,220,0.887,false,legacy_unclassified,merge_review,/services/gas-fitting,High template similarity and limited unique depth.
gas-umhlanga,Gas Plumbing in Umhlanga,Landing Pages/gas,Umhlanga,true,278,0.916,false,legacy_unclassified,merge_review,/plumbers/durban,High template similarity and limited unique depth.
gas-verulam,Gas Plumbing in Verulam,Landing Pages/gas,Verulam,true,220,0.887,false,legacy_unclassified,merge_review,/services/gas-fitting,High template similarity and limited unique depth.
gas-westville,Gas Plumbing in Westville,Landing Pages/gas,Westville,true,278,0.916,false,legacy_unclassified,merge_review,/plumbers/pinetown-hillcrest,High template similarity and limited unique depth.
find-plumber-kzn,Find a Plumber in KZN,Landing Pages/find,KZN,true,155,1.000,false,legacy_unclassified,noindex_review,/,Very thin body; keep indexable only if live inventory and proven demand add unique value.
geyser-pietermaritzburg,Geyser Repair in Pietermaritzburg,Landing Pages/geyser,Pietermaritzburg,true,318,0.850,false,legacy_unclassified,keep_review,/plumbers/pietermaritzburg,"Review demand, live inventory, uniqueness, and GSC performance before keeping."
geyser-umhlanga,Geyser Repair in Umhlanga,Landing Pages/geyser,Umhlanga,true,381,0.851,false,legacy_unclassified,keep_review,/plumbers/durban,"Review demand, live inventory, uniqueness, and GSC performance before keeping."
geyser-amanzimtoti,Geyser Repair in Amanzimtoti,Landing Pages/geyser,Amanzimtoti,true,318,0.850,false,legacy_unclassified,keep_review,/services/geyser-repair,"Review demand, live inventory, uniqueness, and GSC performance before keeping."
geyser-ballito,Geyser Repair in Ballito,Landing Pages/geyser,Ballito,true,318,0.850,false,legacy_unclassified,keep_review,/plumbers/ballito-north-coast,"Review demand, live inventory, uniqueness, and GSC performance before keeping."
geyser-berea,Geyser Repair in Berea,Landing Pages/geyser,Berea,true,232,0.847,false,legacy_unclassified,keep_review,/plumbers/durban,"Review demand, live inventory, uniqueness, and GSC performance before keeping."
geyser-bluff,Geyser Repair in Bluff,Landing Pages/geyser,Bluff,true,232,0.847,false,legacy_unclassified,keep_review,/services/geyser-repair,"Review demand, live inventory, uniqueness, and GSC performance before keeping."
geyser-chatsworth,Geyser Repair in Chatsworth,Landing Pages/geyser,Chatsworth,true,232,0.847,false,legacy_unclassified,keep_review,/services/geyser-repair,"Review demand, live inventory, uniqueness, and GSC performance before keeping."
geyser-durban,Geyser Repair in Durban,Landing Pages/geyser,Durban,true,435,1.000,false,legacy_unclassified,merge_review,/plumbers/durban,High template similarity and limited unique depth.
geyser-durban-north,Geyser Repair in Durban North,Landing Pages/geyser,Durban North,true,334,0.841,false,legacy_unclassified,keep_review,/plumbers/durban,"Review demand, live inventory, uniqueness, and GSC performance before keeping."
geyser-durban-south,Geyser Repair in Durban South,Landing Pages/geyser,Durban South,true,334,0.841,false,legacy_unclassified,keep_review,/plumbers/durban,"Review demand, live inventory, uniqueness, and GSC performance before keeping."
geyser-durbanville,Geyser Repair in Durbanville,Landing Pages/geyser,Durbanville,true,238,0.796,false,legacy_unclassified,remove_review,,Outside the KwaZulu-Natal proposition.
geyser-empangeni,Geyser Repair in Empangeni,Landing Pages/geyser,Empangeni,true,232,0.847,false,legacy_unclassified,keep_review,/plumbers/richards-bay,"Review demand, live inventory, uniqueness, and GSC performance before keeping."
geyser-gillitts,Geyser Repair in Gillitts,Landing Pages/geyser,Gillitts,true,232,0.847,false,legacy_unclassified,keep_review,/services/geyser-repair,"Review demand, live inventory, uniqueness, and GSC performance before keeping."
geyser-hillcrest,Geyser Repair in Hillcrest,Landing Pages/geyser,Hillcrest,true,363,0.843,false,legacy_unclassified,keep_review,/plumbers/pinetown-hillcrest,"Review demand, live inventory, uniqueness, and GSC performance before keeping."
geyser-hilton,Geyser Repair in Hilton,Landing Pages/geyser,Hilton,true,232,0.847,false,legacy_unclassified,keep_review,/plumbers/pietermaritzburg,"Review demand, live inventory, uniqueness, and GSC performance before keeping."
geyser-howick,Geyser Repair in Howick,Landing Pages/geyser,Howick,true,232,0.847,false,legacy_unclassified,keep_review,/plumbers/pietermaritzburg,"Review demand, live inventory, uniqueness, and GSC performance before keeping."
geyser-isipingo,Geyser Repair in Isipingo,Landing Pages/geyser,Isipingo,true,232,0.847,false,legacy_unclassified,keep_review,/services/geyser-repair,"Review demand, live inventory, uniqueness, and GSC performance before keeping."
geyser-kloof,Geyser Repair in Kloof,Landing Pages/geyser,Kloof,true,232,0.847,false,legacy_unclassified,keep_review,/plumbers/pinetown-hillcrest,"Review demand, live inventory, uniqueness, and GSC performance before keeping."
geyser-kwazulu-natal,Geyser Repair in KwaZulu-Natal,Landing Pages/geyser,KwaZulu-Natal,true,327,0.865,false,legacy_unclassified,merge_review,/services/geyser-repair,High template similarity and limited unique depth.
geyser-la-lucia,Geyser Repair in La Lucia,Landing Pages/geyser,La Lucia,true,242,0.847,false,legacy_unclassified,keep_review,/services/geyser-repair,"Review demand, live inventory, uniqueness, and GSC performance before keeping."
geyser-margate,Geyser Repair in Margate,Landing Pages/geyser,Margate,true,232,0.847,false,legacy_unclassified,keep_review,/plumbers/south-coast,"Review demand, live inventory, uniqueness, and GSC performance before keeping."
geyser-morningside,Geyser Repair in Morningside,Landing Pages/geyser,Morningside,true,232,0.847,false,legacy_unclassified,keep_review,/plumbers/durban,"Review demand, live inventory, uniqueness, and GSC performance before keeping."
geyser-mount-edgecombe,Geyser Repair in Mount Edgecombe,Landing Pages/geyser,Mount Edgecombe,true,242,0.771,false,legacy_unclassified,keep_review,/services/geyser-repair,"Review demand, live inventory, uniqueness, and GSC performance before keeping."
geyser-musgrave,Geyser Repair in Musgrave,Landing Pages/geyser,Musgrave,true,232,0.847,false,legacy_unclassified,keep_review,/services/geyser-repair,"Review demand, live inventory, uniqueness, and GSC performance before keeping."
geyser-new-germany,Geyser Repair in New Germany,Landing Pages/geyser,New Germany,true,242,0.771,false,legacy_unclassified,keep_review,/services/geyser-repair,"Review demand, live inventory, uniqueness, and GSC performance before keeping."
geyser-newcastle,Geyser Repair in Newcastle,Landing Pages/geyser,Newcastle,true,288,0.851,false,legacy_unclassified,keep_review,/plumbers/newcastle,"Review demand, live inventory, uniqueness, and GSC performance before keeping."
geyser-pinetown,Geyser Repair in Pinetown,Landing Pages/geyser,Pinetown,true,318,0.850,false,legacy_unclassified,keep_review,/plumbers/pinetown-hillcrest,"Review demand, live inventory, uniqueness, and GSC performance before keeping."
geyser-port-shepstone,Geyser Repair in Port Shepstone,Landing Pages/geyser,Port Shepstone,true,242,0.771,false,legacy_unclassified,keep_review,/plumbers/south-coast,"Review demand, live inventory, uniqueness, and GSC performance before keeping."
geyser-queensburgh,Geyser Repair in Queensburgh,Landing Pages/geyser,Queensburgh,true,232,0.847,false,legacy_unclassified,keep_review,/services/geyser-repair,"Review demand, live inventory, uniqueness, and GSC performance before keeping."
geyser-richards-bay,Geyser Repair in Richards Bay,Landing Pages/geyser,Richards Bay,true,302,0.764,false,legacy_unclassified,keep_review,/plumbers/richards-bay,"Review demand, live inventory, uniqueness, and GSC performance before keeping."
geyser-scottburgh,Geyser Repair in Scottburgh,Landing Pages/geyser,Scottburgh,true,232,0.847,false,legacy_unclassified,keep_review,/plumbers/south-coast,"Review demand, live inventory, uniqueness, and GSC performance before keeping."
geyser-south-africa,Geyser Repair in South Africa,Landing Pages/geyser,South Africa,true,334,0.718,false,legacy_unclassified,keep_review,/services/geyser-repair,"Review demand, live inventory, uniqueness, and GSC performance before keeping."
geyser-south-africa-durban-area,Geyser Repair in South Africa / Durban area,Landing Pages/geyser,South Africa / Durban area,true,298,0.775,false,legacy_unclassified,keep_review,/plumbers/durban,"Review demand, live inventory, uniqueness, and GSC performance before keeping."
geyser-tongaat,Geyser Repair in Tongaat,Landing Pages/geyser,Tongaat,true,232,0.847,false,legacy_unclassified,keep_review,/services/geyser-repair,"Review demand, live inventory, uniqueness, and GSC performance before keeping."
geyser-umdloti,Geyser Repair in Umdloti,Landing Pages/geyser,Umdloti,true,232,0.847,false,legacy_unclassified,keep_review,/services/geyser-repair,"Review demand, live inventory, uniqueness, and GSC performance before keeping."
geyser-umhlanga-ballito,Geyser Repair in Umhlanga / Ballito,Landing Pages/geyser,Umhlanga / Ballito,true,246,0.739,false,legacy_unclassified,keep_review,/plumbers/ballito-north-coast,"Review demand, live inventory, uniqueness, and GSC performance before keeping."
geyser-verulam,Geyser Repair in Verulam,Landing Pages/geyser,Verulam,true,232,0.847,false,legacy_unclassified,keep_review,/services/geyser-repair,"Review demand, live inventory, uniqueness, and GSC performance before keeping."
geyser-westville,Geyser Repair in Westville,Landing Pages/geyser,Westville,true,318,0.850,false,legacy_unclassified,keep_review,/plumbers/pinetown-hillcrest,"Review demand, live inventory, uniqueness, and GSC performance before keeping."
installation-hillcrest,Plumbing Installation in Hillcrest,Landing Pages/installation,Hillcrest,true,336,0.899,false,legacy_unclassified,merge_review,/plumbers/pinetown-hillcrest,High template similarity and limited unique depth.
installation-amanzimtoti,Plumbing Installation in Amanzimtoti,Landing Pages/installation,Amanzimtoti,true,281,0.889,false,legacy_unclassified,merge_review,/,High template similarity and limited unique depth.
installation-ballito,Plumbing Installation in Ballito,Landing Pages/installation,Ballito,true,330,0.893,false,legacy_unclassified,merge_review,/plumbers/ballito-north-coast,High template similarity and limited unique depth.
installation-berea,Plumbing Installation in Berea,Landing Pages/installation,Berea,true,221,0.870,false,legacy_unclassified,merge_review,/plumbers/durban,High template similarity and limited unique depth.
installation-bluff,Plumbing Installation in Bluff,Landing Pages/installation,Bluff,true,221,0.870,false,legacy_unclassified,merge_review,/,High template similarity and limited unique depth.
installation-chatsworth,Plumbing Installation in Chatsworth,Landing Pages/installation,Chatsworth,true,221,0.870,false,legacy_unclassified,merge_review,/,High template similarity and limited unique depth.
installation-durban,Plumbing Installation in Durban,Landing Pages/installation,Durban,true,378,1.000,false,legacy_unclassified,merge_review,/plumbers/durban,High template similarity and limited unique depth.
installation-kloof,Plumbing Installation in Kloof,Landing Pages/installation,Kloof,true,221,0.870,false,legacy_unclassified,merge_review,/plumbers/pinetown-hillcrest,High template similarity and limited unique depth.
installation-durban-north,Plumbing Installation in Durban North,Landing Pages/installation,Durban North,true,295,0.892,false,legacy_unclassified,merge_review,/plumbers/durban,High template similarity and limited unique depth.
installation-durban-south,Plumbing Installation in Durban South,Landing Pages/installation,Durban South,true,295,0.891,false,legacy_unclassified,merge_review,/plumbers/durban,High template similarity and limited unique depth.
installation-empangeni,Plumbing Installation in Empangeni,Landing Pages/installation,Empangeni,true,221,0.870,false,legacy_unclassified,merge_review,/plumbers/richards-bay,High template similarity and limited unique depth.
installation-gillitts,Plumbing Installation in Gillitts,Landing Pages/installation,Gillitts,true,221,0.870,false,legacy_unclassified,merge_review,/,High template similarity and limited unique depth.
installation-hillcrest-kloof,Plumbing Installation in Hillcrest / Kloof,Landing Pages/installation,Hillcrest / Kloof,true,229,0.738,false,legacy_unclassified,keep_review,/plumbers/pinetown-hillcrest,"Review demand, live inventory, uniqueness, and GSC performance before keeping."
installation-hilton,Plumbing Installation in Hilton,Landing Pages/installation,Hilton,true,221,0.870,false,legacy_unclassified,merge_review,/plumbers/pietermaritzburg,High template similarity and limited unique depth.
installation-howick,Plumbing Installation in Howick,Landing Pages/installation,Howick,true,221,0.870,false,legacy_unclassified,merge_review,/plumbers/pietermaritzburg,High template similarity and limited unique depth.
installation-isipingo,Plumbing Installation in Isipingo,Landing Pages/installation,Isipingo,true,221,0.870,false,legacy_unclassified,merge_review,/,High template similarity and limited unique depth.
installation-kwazulu-natal,Plumbing Installation in KwaZulu-Natal,Landing Pages/installation,KwaZulu-Natal,true,300,0.882,false,legacy_unclassified,merge_review,/,High template similarity and limited unique depth.
installation-la-lucia,Plumbing Installation in La Lucia,Landing Pages/installation,La Lucia,true,231,0.870,false,legacy_unclassified,merge_review,/,High template similarity and limited unique depth.
installation-margate,Plumbing Installation in Margate,Landing Pages/installation,Margate,true,221,0.870,false,legacy_unclassified,merge_review,/plumbers/south-coast,High template similarity and limited unique depth.
installation-morningside,Plumbing Installation in Morningside,Landing Pages/installation,Morningside,true,221,0.870,false,legacy_unclassified,merge_review,/plumbers/durban,High template similarity and limited unique depth.
installation-mount-edgecombe,Plumbing Installation in Mount Edgecombe,Landing Pages/installation,Mount Edgecombe,true,231,0.799,false,legacy_unclassified,keep_review,/,"Review demand, live inventory, uniqueness, and GSC performance before keeping."
installation-musgrave,Plumbing Installation in Musgrave,Landing Pages/installation,Musgrave,true,221,0.870,false,legacy_unclassified,merge_review,/,High template similarity and limited unique depth.
installation-new-germany,Plumbing Installation in New Germany,Landing Pages/installation,New Germany,true,231,0.803,false,legacy_unclassified,keep_review,/,"Review demand, live inventory, uniqueness, and GSC performance before keeping."
installation-newcastle,Plumbing Installation in Newcastle,Landing Pages/installation,Newcastle,true,281,0.889,false,legacy_unclassified,merge_review,/plumbers/newcastle,High template similarity and limited unique depth.
installation-pietermaritzburg,Plumbing Installation in Pietermaritzburg,Landing Pages/installation,Pietermaritzburg,true,281,0.889,false,legacy_unclassified,merge_review,/plumbers/pietermaritzburg,High template similarity and limited unique depth.
installation-pinetown,Plumbing Installation in Pinetown,Landing Pages/installation,Pinetown,true,281,0.889,false,legacy_unclassified,merge_review,/plumbers/pinetown-hillcrest,High template similarity and limited unique depth.
installation-port-shepstone,Plumbing Installation in Port Shepstone,Landing Pages/installation,Port Shepstone,true,231,0.799,false,legacy_unclassified,keep_review,/plumbers/south-coast,"Review demand, live inventory, uniqueness, and GSC performance before keeping."
installation-queensburgh,Plumbing Installation in Queensburgh,Landing Pages/installation,Queensburgh,true,221,0.870,false,legacy_unclassified,merge_review,/,High template similarity and limited unique depth.
installation-richards-bay,Plumbing Installation in Richards Bay,Landing Pages/installation,Richards Bay,true,295,0.804,false,legacy_unclassified,keep_review,/plumbers/richards-bay,"Review demand, live inventory, uniqueness, and GSC performance before keeping."
installation-richmond-kzn-midlands,Plumbing Installation in Richmond / KZN Midlands,Landing Pages/installation,Richmond / KZN Midlands,true,235,0.746,false,legacy_unclassified,keep_review,/,"Review demand, live inventory, uniqueness, and GSC performance before keeping."
installation-scottburgh,Plumbing Installation in Scottburgh,Landing Pages/installation,Scottburgh,true,221,0.870,false,legacy_unclassified,merge_review,/plumbers/south-coast,High template similarity and limited unique depth.
installation-tongaat,Plumbing Installation in Tongaat,Landing Pages/installation,Tongaat,true,221,0.870,false,legacy_unclassified,merge_review,/,High template similarity and limited unique depth.
installation-umdloti,Plumbing Installation in Umdloti,Landing Pages/installation,Umdloti,true,221,0.870,false,legacy_unclassified,merge_review,/,High template similarity and limited unique depth.
installation-umhlanga,Plumbing Installation in Umhlanga,Landing Pages/installation,Umhlanga,true,281,0.889,false,legacy_unclassified,merge_review,/plumbers/durban,High template similarity and limited unique depth.
installation-upper-highway-durban,Plumbing Installation in Upper Highway / Durban,Landing Pages/installation,Upper Highway / Durban,true,246,0.752,false,legacy_unclassified,keep_review,/plumbers/durban,"Review demand, live inventory, uniqueness, and GSC performance before keeping."
installation-verulam,Plumbing Installation in Verulam,Landing Pages/installation,Verulam,true,221,0.870,false,legacy_unclassified,merge_review,/,High template similarity and limited unique depth.
installation-westville,Plumbing Installation in Westville,Landing Pages/installation,Westville,true,281,0.889,false,legacy_unclassified,merge_review,/plumbers/pinetown-hillcrest,High template similarity and limited unique depth.
general-amanzimtoti,Plumbing in Amanzimtoti,Landing Pages/general,Amanzimtoti,true,304,0.813,false,legacy_unclassified,keep_review,/,"Review demand, live inventory, uniqueness, and GSC performance before keeping."
general-assagay,Plumbing in Assagay,Landing Pages/general,Assagay,true,262,0.852,false,legacy_unclassified,keep_review,/,"Review demand, live inventory, uniqueness, and GSC performance before keeping."
general-ballito,Plumbing in Ballito,Landing Pages/general,Ballito,true,277,0.862,false,legacy_unclassified,merge_review,/plumbers/ballito-north-coast,High template similarity and limited unique depth.
general-berea,Plumbing in Berea,Landing Pages/general,Berea,true,262,0.852,false,legacy_unclassified,keep_review,/plumbers/durban,"Review demand, live inventory, uniqueness, and GSC performance before keeping."
general-bluff,Plumbing in Bluff,Landing Pages/general,Bluff,true,262,0.852,false,legacy_unclassified,keep_review,/,"Review demand, live inventory, uniqueness, and GSC performance before keeping."
general-camperdown,Plumbing in Camperdown,Landing Pages/general,Camperdown,true,262,0.852,false,legacy_unclassified,keep_review,/,"Review demand, live inventory, uniqueness, and GSC performance before keeping."
general-cato-ridge,Plumbing in Cato Ridge,Landing Pages/general,Cato Ridge,true,278,0.768,false,legacy_unclassified,keep_review,/,"Review demand, live inventory, uniqueness, and GSC performance before keeping."
general-chatsworth,Plumbing in Chatsworth,Landing Pages/general,Chatsworth,true,260,0.852,false,legacy_unclassified,keep_review,/,"Review demand, live inventory, uniqueness, and GSC performance before keeping."
general-cornubia,Plumbing in Cornubia,Landing Pages/general,Cornubia,true,262,0.852,false,legacy_unclassified,keep_review,/,"Review demand, live inventory, uniqueness, and GSC performance before keeping."
general-dundee,Plumbing in Dundee,Landing Pages/general,Dundee,true,261,0.854,false,legacy_unclassified,keep_review,/,"Review demand, live inventory, uniqueness, and GSC performance before keeping."
general-durban,Plumbing in Durban,Landing Pages/general,Durban,true,262,0.866,false,legacy_unclassified,merge_review,/plumbers/durban,High template similarity and limited unique depth.
general-durban-central,Plumbing in Durban Central,Landing Pages/general,Durban Central,true,155,0.705,false,legacy_unclassified,noindex_review,/plumbers/durban,Very thin body; keep indexable only if live inventory and proven demand add unique value.
general-durban-ethekwini,Plumbing in Durban / eThekwini,Landing Pages/general,Durban / eThekwini,true,194,0.770,false,legacy_unclassified,keep_review,/plumbers/durban,"Review demand, live inventory, uniqueness, and GSC performance before keeping."
general-durban-north,Plumbing in Durban North,Landing Pages/general,Durban North,true,275,0.770,false,legacy_unclassified,keep_review,/plumbers/durban,"Review demand, live inventory, uniqueness, and GSC performance before keeping."
general-durban-south,Plumbing in Durban South,Landing Pages/general,Durban South,true,278,0.769,false,legacy_unclassified,keep_review,/plumbers/durban,"Review demand, live inventory, uniqueness, and GSC performance before keeping."
general-durban-upper-highway,Plumbing in Durban Upper Highway,Landing Pages/general,Durban Upper Highway,true,197,0.677,false,legacy_unclassified,keep_review,/plumbers/durban,"Review demand, live inventory, uniqueness, and GSC performance before keeping."
general-durbanville,Plumbing in Durbanville,Landing Pages/general,Durbanville,true,166,0.821,false,legacy_unclassified,remove_review,,Outside the KwaZulu-Natal proposition.
general-empangeni,Plumbing in Empangeni,Landing Pages/general,Empangeni,true,260,0.856,false,legacy_unclassified,keep_review,/plumbers/richards-bay,"Review demand, live inventory, uniqueness, and GSC performance before keeping."
general-eshowe,Plumbing in Eshowe,Landing Pages/general,Eshowe,true,262,0.852,false,legacy_unclassified,keep_review,/,"Review demand, live inventory, uniqueness, and GSC performance before keeping."
general-gateway,Plumbing in Gateway,Landing Pages/general,Gateway,true,151,0.755,false,legacy_unclassified,noindex_review,/,Very thin body; keep indexable only if live inventory and proven demand add unique value.
general-general,Plumbing in general,Landing Pages/general,general,true,154,0.752,false,legacy_unclassified,noindex_review,/,Very thin body; keep indexable only if live inventory and proven demand add unique value.
general-gillitts,Plumbing in Gillitts,Landing Pages/general,Gillitts,true,262,0.852,false,legacy_unclassified,keep_review,/,"Review demand, live inventory, uniqueness, and GSC performance before keeping."
general-hammarsdale,Plumbing in Hammarsdale,Landing Pages/general,Hammarsdale,true,262,0.852,false,legacy_unclassified,keep_review,/,"Review demand, live inventory, uniqueness, and GSC performance before keeping."
general-hillcrest,Plumbing in Hillcrest,Landing Pages/general,Hillcrest,true,259,0.858,false,legacy_unclassified,keep_review,/plumbers/pinetown-hillcrest,"Review demand, live inventory, uniqueness, and GSC performance before keeping."
general-hilton,Plumbing in Hilton,Landing Pages/general,Hilton,true,262,0.852,false,legacy_unclassified,keep_review,/plumbers/pietermaritzburg,"Review demand, live inventory, uniqueness, and GSC performance before keeping."
general-howick,Plumbing in Howick,Landing Pages/general,Howick,true,288,0.862,false,legacy_unclassified,merge_review,/plumbers/pietermaritzburg,High template similarity and limited unique depth.
general-illovo-beach,Plumbing in Illovo Beach,Landing Pages/general,Illovo Beach,true,278,0.768,false,legacy_unclassified,keep_review,/,"Review demand, live inventory, uniqueness, and GSC performance before keeping."
general-isipingo,Plumbing in Isipingo,Landing Pages/general,Isipingo,true,262,0.852,false,legacy_unclassified,keep_review,/,"Review demand, live inventory, uniqueness, and GSC performance before keeping."
general-kingsburgh,Plumbing in Kingsburgh,Landing Pages/general,Kingsburgh,true,262,0.852,false,legacy_unclassified,keep_review,/,"Review demand, live inventory, uniqueness, and GSC performance before keeping."
general-kloof,Plumbing in Kloof,Landing Pages/general,Kloof,true,260,0.854,false,legacy_unclassified,keep_review,/plumbers/pinetown-hillcrest,"Review demand, live inventory, uniqueness, and GSC performance before keeping."
general-kwazulu-natal,Plumbing in KwaZulu-Natal,Landing Pages/general,KwaZulu-Natal,true,272,0.848,false,legacy_unclassified,keep_review,/,"Review demand, live inventory, uniqueness, and GSC performance before keeping."
general-kzn,Plumbing in KZN,Landing Pages/general,KZN,true,259,0.789,false,legacy_unclassified,keep_review,/,"Review demand, live inventory, uniqueness, and GSC performance before keeping."
general-la-lucia,Plumbing in La Lucia,Landing Pages/general,La Lucia,true,275,0.853,false,legacy_unclassified,keep_review,/,"Review demand, live inventory, uniqueness, and GSC performance before keeping."
general-ladysmith,Plumbing in Ladysmith,Landing Pages/general,Ladysmith,true,262,0.852,false,legacy_unclassified,keep_review,/,"Review demand, live inventory, uniqueness, and GSC performance before keeping."
general-margate,Plumbing in Margate,Landing Pages/general,Margate,true,261,0.854,false,legacy_unclassified,keep_review,/plumbers/south-coast,"Review demand, live inventory, uniqueness, and GSC performance before keeping."
general-montclair,Plumbing in Montclair,Landing Pages/general,Montclair,true,149,0.756,false,legacy_unclassified,noindex_review,/,Very thin body; keep indexable only if live inventory and proven demand add unique value.
general-morningside,Plumbing in Morningside,Landing Pages/general,Morningside,true,262,0.852,false,legacy_unclassified,keep_review,/plumbers/durban,"Review demand, live inventory, uniqueness, and GSC performance before keeping."
general-mount-edgecombe,Plumbing in Mount Edgecombe,Landing Pages/general,Mount Edgecombe,true,280,0.772,false,legacy_unclassified,keep_review,/,"Review demand, live inventory, uniqueness, and GSC performance before keeping."
general-mtubatuba,Plumbing in Mtubatuba,Landing Pages/general,Mtubatuba,true,147,0.757,false,legacy_unclassified,noindex_review,/,Very thin body; keep indexable only if live inventory and proven demand add unique value.
general-mtunzini,Plumbing in Mtunzini,Landing Pages/general,Mtunzini,true,262,0.852,false,legacy_unclassified,keep_review,/,"Review demand, live inventory, uniqueness, and GSC performance before keeping."
general-musgrave,Plumbing in Musgrave,Landing Pages/general,Musgrave,true,262,0.852,false,legacy_unclassified,keep_review,/,"Review demand, live inventory, uniqueness, and GSC performance before keeping."
general-new-germany,Plumbing in New Germany,Landing Pages/general,New Germany,true,278,0.780,false,legacy_unclassified,keep_review,/,"Review demand, live inventory, uniqueness, and GSC performance before keeping."
general-newcastle,Plumbing in Newcastle,Landing Pages/general,Newcastle,true,369,1.000,false,legacy_unclassified,merge_review,/plumbers/newcastle,High template similarity and limited unique depth.
general-phoenix,Plumbing in Phoenix,Landing Pages/general,Phoenix,true,263,0.854,false,legacy_unclassified,keep_review,/,"Review demand, live inventory, uniqueness, and GSC performance before keeping."
general-pietermaritzburg,Plumbing in Pietermaritzburg,Landing Pages/general,Pietermaritzburg,true,262,0.825,false,legacy_unclassified,keep_review,/plumbers/pietermaritzburg,"Review demand, live inventory, uniqueness, and GSC performance before keeping."
general-pietermaritzburg-hilton,Plumbing in Pietermaritzburg / Hilton,Landing Pages/general,Pietermaritzburg / Hilton,true,215,0.723,false,legacy_unclassified,keep_review,/plumbers/pietermaritzburg,"Review demand, live inventory, uniqueness, and GSC performance before keeping."
general-pinetown,Plumbing in Pinetown,Landing Pages/general,Pinetown,true,263,0.858,false,legacy_unclassified,keep_review,/plumbers/pinetown-hillcrest,"Review demand, live inventory, uniqueness, and GSC performance before keeping."
general-port-shepstone,Plumbing in Port Shepstone,Landing Pages/general,Port Shepstone,true,275,0.770,false,legacy_unclassified,keep_review,/plumbers/south-coast,"Review demand, live inventory, uniqueness, and GSC performance before keeping."
general-queensburgh,Plumbing in Queensburgh,Landing Pages/general,Queensburgh,true,262,0.852,false,legacy_unclassified,keep_review,/,"Review demand, live inventory, uniqueness, and GSC performance before keeping."
general-richards-bay,Plumbing in Richards Bay,Landing Pages/general,Richards Bay,true,291,0.769,false,legacy_unclassified,keep_review,/plumbers/richards-bay,"Review demand, live inventory, uniqueness, and GSC performance before keeping."
general-salt-rock,Plumbing in Salt Rock,Landing Pages/general,Salt Rock,true,278,0.768,false,legacy_unclassified,keep_review,/plumbers/ballito-north-coast,"Review demand, live inventory, uniqueness, and GSC performance before keeping."
general-scottburgh,Plumbing in Scottburgh,Landing Pages/general,Scottburgh,true,262,0.852,false,legacy_unclassified,keep_review,/plumbers/south-coast,"Review demand, live inventory, uniqueness, and GSC performance before keeping."
general-shelly-beach,Plumbing in Shelly Beach,Landing Pages/general,Shelly Beach,true,278,0.768,false,legacy_unclassified,keep_review,/,"Review demand, live inventory, uniqueness, and GSC performance before keeping."
general-shongweni,Plumbing in Shongweni,Landing Pages/general,Shongweni,true,262,0.852,false,legacy_unclassified,keep_review,/,"Review demand, live inventory, uniqueness, and GSC performance before keeping."
general-south-africa,Plumbing in South Africa,Landing Pages/general,South Africa,true,168,0.719,false,legacy_unclassified,noindex_review,/,Very thin body; keep indexable only if live inventory and proven demand add unique value.
general-springfield,Plumbing in Springfield,Landing Pages/general,Springfield,true,262,0.852,false,legacy_unclassified,keep_review,/,"Review demand, live inventory, uniqueness, and GSC performance before keeping."
general-tongaat,Plumbing in Tongaat,Landing Pages/general,Tongaat,true,261,0.853,false,legacy_unclassified,keep_review,/,"Review demand, live inventory, uniqueness, and GSC performance before keeping."
general-umdloti,Plumbing in Umdloti,Landing Pages/general,Umdloti,true,262,0.852,false,legacy_unclassified,keep_review,/,"Review demand, live inventory, uniqueness, and GSC performance before keeping."
general-umhlanga,Plumbing in Umhlanga,Landing Pages/general,Umhlanga,true,262,0.867,false,legacy_unclassified,merge_review,/plumbers/durban,High template similarity and limited unique depth.
general-umlazi,Plumbing in Umlazi,Landing Pages/general,Umlazi,true,147,0.757,false,legacy_unclassified,noindex_review,/,Very thin body; keep indexable only if live inventory and proven demand add unique value.
general-uvongo,Plumbing in Uvongo,Landing Pages/general,Uvongo,true,262,0.852,false,legacy_unclassified,keep_review,/,"Review demand, live inventory, uniqueness, and GSC performance before keeping."
general-verulam,Plumbing in Verulam,Landing Pages/general,Verulam,true,261,0.854,false,legacy_unclassified,keep_review,/,"Review demand, live inventory, uniqueness, and GSC performance before keeping."
general-warner-beach,Plumbing in Warner Beach,Landing Pages/general,Warner Beach,true,278,0.768,false,legacy_unclassified,keep_review,/,"Review demand, live inventory, uniqueness, and GSC performance before keeping."
general-wartburg,Plumbing in Wartburg,Landing Pages/general,Wartburg,true,262,0.852,false,legacy_unclassified,keep_review,/,"Review demand, live inventory, uniqueness, and GSC performance before keeping."
general-waterfall,Plumbing in Waterfall,Landing Pages/general,Waterfall,true,262,0.852,false,legacy_unclassified,keep_review,/,"Review demand, live inventory, uniqueness, and GSC performance before keeping."
general-westville,Plumbing in Westville,Landing Pages/general,Westville,true,259,0.856,false,legacy_unclassified,keep_review,/plumbers/pinetown-hillcrest,"Review demand, live inventory, uniqueness, and GSC performance before keeping."
general-winston-park,Plumbing in Winston Park,Landing Pages/general,Winston Park,true,278,0.768,false,legacy_unclassified,keep_review,/,"Review demand, live inventory, uniqueness, and GSC performance before keeping."
general-zimbali,Plumbing in Zimbali,Landing Pages/general,Zimbali,true,262,0.852,false,legacy_unclassified,keep_review,/,"Review demand, live inventory, uniqueness, and GSC performance before keeping."
leak-durban-north-umhlanga-la-lucia,Leak Detection in Durban North / Umhlanga / La Lucia,Landing Pages/leak,Durban North / Umhlanga / La Lucia,true,297,0.734,false,legacy_unclassified,keep_review,/plumbers/durban,"Review demand, live inventory, uniqueness, and GSC performance before keeping."
leak-amanzimtoti,Leak Detection in Amanzimtoti,Landing Pages/leak,Amanzimtoti,true,295,0.897,false,legacy_unclassified,merge_review,/services/leak-detection,High template similarity and limited unique depth.
leak-ballito,Leak Detection in Ballito,Landing Pages/leak,Ballito,true,295,0.897,false,legacy_unclassified,merge_review,/plumbers/ballito-north-coast,High template similarity and limited unique depth.
leak-berea,Leak Detection in Berea,Landing Pages/leak,Berea,true,235,0.867,false,legacy_unclassified,merge_review,/plumbers/durban,High template similarity and limited unique depth.
leak-bluff,Leak Detection in Bluff,Landing Pages/leak,Bluff,true,235,0.867,false,legacy_unclassified,merge_review,/services/leak-detection,High template similarity and limited unique depth.
leak-chatsworth,Leak Detection in Chatsworth,Landing Pages/leak,Chatsworth,true,235,0.867,false,legacy_unclassified,merge_review,/services/leak-detection,High template similarity and limited unique depth.
leak-durban,Leak Detection in Durban,Landing Pages/leak,Durban,true,365,1.000,false,legacy_unclassified,merge_review,/plumbers/durban,High template similarity and limited unique depth.
leak-durban-ethekwini,Leak Detection in Durban / eThekwini,Landing Pages/leak,Durban / eThekwini,true,359,0.842,false,legacy_unclassified,keep_review,/plumbers/durban,"Review demand, live inventory, uniqueness, and GSC performance before keeping."
leak-durban-north,Leak Detection in Durban North,Landing Pages/leak,Durban North,true,309,0.912,false,legacy_unclassified,merge_review,/plumbers/durban,High template similarity and limited unique depth.
leak-durban-south,Leak Detection in Durban South,Landing Pages/leak,Durban South,true,309,0.912,false,legacy_unclassified,merge_review,/plumbers/durban,High template similarity and limited unique depth.
leak-empangeni,Leak Detection in Empangeni,Landing Pages/leak,Empangeni,true,235,0.867,false,legacy_unclassified,merge_review,/plumbers/richards-bay,High template similarity and limited unique depth.
leak-gillitts,Leak Detection in Gillitts,Landing Pages/leak,Gillitts,true,235,0.867,false,legacy_unclassified,merge_review,/services/leak-detection,High template similarity and limited unique depth.
leak-hillcrest,Leak Detection in Hillcrest,Landing Pages/leak,Hillcrest,true,295,0.897,false,legacy_unclassified,merge_review,/plumbers/pinetown-hillcrest,High template similarity and limited unique depth.
leak-hilton,Leak Detection in Hilton,Landing Pages/leak,Hilton,true,235,0.867,false,legacy_unclassified,merge_review,/plumbers/pietermaritzburg,High template similarity and limited unique depth.
leak-howick,Leak Detection in Howick,Landing Pages/leak,Howick,true,235,0.867,false,legacy_unclassified,merge_review,/plumbers/pietermaritzburg,High template similarity and limited unique depth.
leak-isipingo,Leak Detection in Isipingo,Landing Pages/leak,Isipingo,true,235,0.867,false,legacy_unclassified,merge_review,/services/leak-detection,High template similarity and limited unique depth.
leak-kloof,Leak Detection in Kloof,Landing Pages/leak,Kloof,true,235,0.867,false,legacy_unclassified,merge_review,/plumbers/pinetown-hillcrest,High template similarity and limited unique depth.
leak-pietermaritzburg,Leak Detection in Pietermaritzburg,Landing Pages/leak,Pietermaritzburg,true,295,0.897,false,legacy_unclassified,merge_review,/plumbers/pietermaritzburg,High template similarity and limited unique depth.
leak-kwazulu-natal,Leak Detection in KwaZulu-Natal,Landing Pages/leak,KwaZulu-Natal,true,330,0.917,false,legacy_unclassified,merge_review,/services/leak-detection,High template similarity and limited unique depth.
leak-la-lucia,Leak Detection in La Lucia,Landing Pages/leak,La Lucia,true,245,0.867,false,legacy_unclassified,merge_review,/services/leak-detection,High template similarity and limited unique depth.
leak-margate,Leak Detection in Margate,Landing Pages/leak,Margate,true,235,0.867,false,legacy_unclassified,merge_review,/plumbers/south-coast,High template similarity and limited unique depth.
leak-morningside,Leak Detection in Morningside,Landing Pages/leak,Morningside,true,235,0.867,false,legacy_unclassified,merge_review,/plumbers/durban,High template similarity and limited unique depth.
leak-mount-edgecombe,Leak Detection in Mount Edgecombe,Landing Pages/leak,Mount Edgecombe,true,245,0.793,false,legacy_unclassified,keep_review,/services/leak-detection,"Review demand, live inventory, uniqueness, and GSC performance before keeping."
leak-musgrave,Leak Detection in Musgrave,Landing Pages/leak,Musgrave,true,235,0.867,false,legacy_unclassified,merge_review,/services/leak-detection,High template similarity and limited unique depth.
leak-new-germany,Leak Detection in New Germany,Landing Pages/leak,New Germany,true,245,0.793,false,legacy_unclassified,keep_review,/services/leak-detection,"Review demand, live inventory, uniqueness, and GSC performance before keeping."
leak-newcastle,Leak Detection in Newcastle,Landing Pages/leak,Newcastle,true,295,0.897,false,legacy_unclassified,merge_review,/plumbers/newcastle,High template similarity and limited unique depth.
leak-pinetown,Leak Detection in Pinetown,Landing Pages/leak,Pinetown,true,295,0.897,false,legacy_unclassified,merge_review,/plumbers/pinetown-hillcrest,High template similarity and limited unique depth.
leak-port-shepstone,Leak Detection in Port Shepstone,Landing Pages/leak,Port Shepstone,true,245,0.793,false,legacy_unclassified,keep_review,/plumbers/south-coast,"Review demand, live inventory, uniqueness, and GSC performance before keeping."
leak-queensburgh,Leak Detection in Queensburgh,Landing Pages/leak,Queensburgh,true,235,0.867,false,legacy_unclassified,merge_review,/services/leak-detection,High template similarity and limited unique depth.
leak-richards-bay,Leak Detection in Richards Bay,Landing Pages/leak,Richards Bay,true,309,0.810,false,legacy_unclassified,keep_review,/plumbers/richards-bay,"Review demand, live inventory, uniqueness, and GSC performance before keeping."
leak-scottburgh,Leak Detection in Scottburgh,Landing Pages/leak,Scottburgh,true,235,0.867,false,legacy_unclassified,merge_review,/plumbers/south-coast,High template similarity and limited unique depth.
leak-tongaat,Leak Detection in Tongaat,Landing Pages/leak,Tongaat,true,235,0.867,false,legacy_unclassified,merge_review,/services/leak-detection,High template similarity and limited unique depth.
leak-umdloti,Leak Detection in Umdloti,Landing Pages/leak,Umdloti,true,235,0.867,false,legacy_unclassified,merge_review,/services/leak-detection,High template similarity and limited unique depth.
leak-umhlanga,Leak Detection in Umhlanga,Landing Pages/leak,Umhlanga,true,295,0.897,false,legacy_unclassified,merge_review,/plumbers/durban,High template similarity and limited unique depth.
leak-verulam,Leak Detection in Verulam,Landing Pages/leak,Verulam,true,235,0.867,false,legacy_unclassified,merge_review,/services/leak-detection,High template similarity and limited unique depth.
leak-westville,Leak Detection in Westville,Landing Pages/leak,Westville,true,295,0.897,false,legacy_unclassified,merge_review,/plumbers/pinetown-hillcrest,High template similarity and limited unique depth.
loadshedding-amanzimtoti,Loadshedding Solutions in Amanzimtoti,Landing Pages/loadshedding,Amanzimtoti,true,205,0.943,false,legacy_unclassified,merge_review,/,High template similarity and limited unique depth.
loadshedding-ballito,Loadshedding Solutions in Ballito,Landing Pages/loadshedding,Ballito,true,205,0.943,false,legacy_unclassified,merge_review,/plumbers/ballito-north-coast,High template similarity and limited unique depth.
loadshedding-berea,Loadshedding Solutions in Berea,Landing Pages/loadshedding,Berea,true,205,0.943,false,legacy_unclassified,merge_review,/plumbers/durban,High template similarity and limited unique depth.
loadshedding-bluff,Loadshedding Solutions in Bluff,Landing Pages/loadshedding,Bluff,true,205,0.943,false,legacy_unclassified,merge_review,/,High template similarity and limited unique depth.
loadshedding-durban,Loadshedding Solutions in Durban,Landing Pages/loadshedding,Durban,true,205,0.943,false,legacy_unclassified,merge_review,/plumbers/durban,High template similarity and limited unique depth.
loadshedding-durban-north,Loadshedding Solutions in Durban North,Landing Pages/loadshedding,Durban North,true,213,0.880,false,legacy_unclassified,merge_review,/plumbers/durban,High template similarity and limited unique depth.
loadshedding-durban-south,Loadshedding Solutions in Durban South,Landing Pages/loadshedding,Durban South,true,213,0.880,false,legacy_unclassified,merge_review,/plumbers/durban,High template similarity and limited unique depth.
loadshedding-empangeni,Loadshedding Solutions in Empangeni,Landing Pages/loadshedding,Empangeni,true,205,0.943,false,legacy_unclassified,merge_review,/plumbers/richards-bay,High template similarity and limited unique depth.
loadshedding-gillitts,Loadshedding Solutions in Gillitts,Landing Pages/loadshedding,Gillitts,true,205,0.943,false,legacy_unclassified,merge_review,/,High template similarity and limited unique depth.
loadshedding-hillcrest,Loadshedding Solutions in Hillcrest,Landing Pages/loadshedding,Hillcrest,true,205,0.943,false,legacy_unclassified,merge_review,/plumbers/pinetown-hillcrest,High template similarity and limited unique depth.
loadshedding-hilton,Loadshedding Solutions in Hilton,Landing Pages/loadshedding,Hilton,true,205,0.943,false,legacy_unclassified,merge_review,/plumbers/pietermaritzburg,High template similarity and limited unique depth.
loadshedding-howick,Loadshedding Solutions in Howick,Landing Pages/loadshedding,Howick,true,205,0.943,false,legacy_unclassified,merge_review,/plumbers/pietermaritzburg,High template similarity and limited unique depth.
loadshedding-isipingo,Loadshedding Solutions in Isipingo,Landing Pages/loadshedding,Isipingo,true,205,0.943,false,legacy_unclassified,merge_review,/,High template similarity and limited unique depth.
loadshedding-kloof,Loadshedding Solutions in Kloof,Landing Pages/loadshedding,Kloof,true,205,0.943,false,legacy_unclassified,merge_review,/plumbers/pinetown-hillcrest,High template similarity and limited unique depth.
loadshedding-kzn,Loadshedding Solutions in KZN,Landing Pages/loadshedding,KZN,true,232,1.000,false,legacy_unclassified,merge_review,/,High template similarity and limited unique depth.
loadshedding-la-lucia,Loadshedding Solutions in La Lucia,Landing Pages/loadshedding,La Lucia,true,213,0.943,false,legacy_unclassified,merge_review,/,High template similarity and limited unique depth.
loadshedding-margate,Loadshedding Solutions in Margate,Landing Pages/loadshedding,Margate,true,205,0.943,false,legacy_unclassified,merge_review,/plumbers/south-coast,High template similarity and limited unique depth.
loadshedding-morningside,Loadshedding Solutions in Morningside,Landing Pages/loadshedding,Morningside,true,205,0.943,false,legacy_unclassified,merge_review,/plumbers/durban,High template similarity and limited unique depth.
loadshedding-mount-edgecombe,Loadshedding Solutions in Mount Edgecombe,Landing Pages/loadshedding,Mount Edgecombe,true,213,0.880,false,legacy_unclassified,merge_review,/,High template similarity and limited unique depth.
loadshedding-musgrave,Loadshedding Solutions in Musgrave,Landing Pages/loadshedding,Musgrave,true,205,0.943,false,legacy_unclassified,merge_review,/,High template similarity and limited unique depth.
loadshedding-new-germany,Loadshedding Solutions in New Germany,Landing Pages/loadshedding,New Germany,true,213,0.880,false,legacy_unclassified,merge_review,/,High template similarity and limited unique depth.
loadshedding-newcastle,Loadshedding Solutions in Newcastle,Landing Pages/loadshedding,Newcastle,true,205,0.943,false,legacy_unclassified,merge_review,/plumbers/newcastle,High template similarity and limited unique depth.
loadshedding-pietermaritzburg,Loadshedding Solutions in Pietermaritzburg,Landing Pages/loadshedding,Pietermaritzburg,true,205,0.943,false,legacy_unclassified,merge_review,/plumbers/pietermaritzburg,High template similarity and limited unique depth.
loadshedding-pinetown,Loadshedding Solutions in Pinetown,Landing Pages/loadshedding,Pinetown,true,205,0.943,false,legacy_unclassified,merge_review,/plumbers/pinetown-hillcrest,High template similarity and limited unique depth.
loadshedding-port-shepstone,Loadshedding Solutions in Port Shepstone,Landing Pages/loadshedding,Port Shepstone,true,213,0.880,false,legacy_unclassified,merge_review,/plumbers/south-coast,High template similarity and limited unique depth.
loadshedding-queensburgh,Loadshedding Solutions in Queensburgh,Landing Pages/loadshedding,Queensburgh,true,205,0.943,false,legacy_unclassified,merge_review,/,High template similarity and limited unique depth.
loadshedding-richards-bay,Loadshedding Solutions in Richards Bay,Landing Pages/loadshedding,Richards Bay,true,213,0.880,false,legacy_unclassified,merge_review,/plumbers/richards-bay,High template similarity and limited unique depth.
loadshedding-scottburgh,Loadshedding Solutions in Scottburgh,Landing Pages/loadshedding,Scottburgh,true,205,0.943,false,legacy_unclassified,merge_review,/plumbers/south-coast,High template similarity and limited unique depth.
loadshedding-tongaat,Loadshedding Solutions in Tongaat,Landing Pages/loadshedding,Tongaat,true,205,0.943,false,legacy_unclassified,merge_review,/,High template similarity and limited unique depth.
loadshedding-umdloti,Loadshedding Solutions in Umdloti,Landing Pages/loadshedding,Umdloti,true,205,0.943,false,legacy_unclassified,merge_review,/,High template similarity and limited unique depth.
loadshedding-umhlanga,Loadshedding Solutions in Umhlanga,Landing Pages/loadshedding,Umhlanga,true,205,0.943,false,legacy_unclassified,merge_review,/plumbers/durban,High template similarity and limited unique depth.
loadshedding-verulam,Loadshedding Solutions in Verulam,Landing Pages/loadshedding,Verulam,true,205,0.943,false,legacy_unclassified,merge_review,/,High template similarity and limited unique depth.
loadshedding-westville,Loadshedding Solutions in Westville,Landing Pages/loadshedding,Westville,true,205,0.943,false,legacy_unclassified,merge_review,/plumbers/pinetown-hillcrest,High template similarity and limited unique depth.
pricing-amanzimtoti,Plumber Pricing in Amanzimtoti,Landing Pages/pricing,Amanzimtoti,true,300,0.860,false,legacy_unclassified,merge_review,/,High template similarity and limited unique depth.
pricing-ballito,Plumber Pricing in Ballito,Landing Pages/pricing,Ballito,true,300,0.860,false,legacy_unclassified,merge_review,/plumbers/ballito-north-coast,High template similarity and limited unique depth.
pricing-berea,Plumber Pricing in Berea,Landing Pages/pricing,Berea,true,217,0.826,false,legacy_unclassified,keep_review,/plumbers/durban,"Review demand, live inventory, uniqueness, and GSC performance before keeping."
pricing-bluff,Plumber Pricing in Bluff,Landing Pages/pricing,Bluff,true,217,0.826,false,legacy_unclassified,keep_review,/,"Review demand, live inventory, uniqueness, and GSC performance before keeping."
pricing-chatsworth,Plumber Pricing in Chatsworth,Landing Pages/pricing,Chatsworth,true,241,0.846,false,legacy_unclassified,keep_review,/,"Review demand, live inventory, uniqueness, and GSC performance before keeping."
pricing-durban,Plumber Pricing in Durban,Landing Pages/pricing,Durban,true,342,1.000,false,legacy_unclassified,merge_review,/plumbers/durban,High template similarity and limited unique depth.
pricing-durban-north,Plumber Pricing in Durban North,Landing Pages/pricing,Durban North,true,290,0.895,false,legacy_unclassified,merge_review,/plumbers/durban,High template similarity and limited unique depth.
pricing-durban-south,Plumber Pricing in Durban South,Landing Pages/pricing,Durban South,true,290,0.895,false,legacy_unclassified,merge_review,/plumbers/durban,High template similarity and limited unique depth.
pricing-empangeni,Plumber Pricing in Empangeni,Landing Pages/pricing,Empangeni,true,217,0.826,false,legacy_unclassified,keep_review,/plumbers/richards-bay,"Review demand, live inventory, uniqueness, and GSC performance before keeping."
pricing-general,Plumber Pricing in general,Landing Pages/pricing,general,true,199,0.795,false,legacy_unclassified,keep_review,/,"Review demand, live inventory, uniqueness, and GSC performance before keeping."
pricing-gillitts,Plumber Pricing in Gillitts,Landing Pages/pricing,Gillitts,true,217,0.826,false,legacy_unclassified,keep_review,/,"Review demand, live inventory, uniqueness, and GSC performance before keeping."
pricing-hillcrest,Plumber Pricing in Hillcrest,Landing Pages/pricing,Hillcrest,true,276,0.855,false,legacy_unclassified,keep_review,/plumbers/pinetown-hillcrest,"Review demand, live inventory, uniqueness, and GSC performance before keeping."
pricing-hilton,Plumber Pricing in Hilton,Landing Pages/pricing,Hilton,true,217,0.826,false,legacy_unclassified,keep_review,/plumbers/pietermaritzburg,"Review demand, live inventory, uniqueness, and GSC performance before keeping."
pricing-howick,Plumber Pricing in Howick,Landing Pages/pricing,Howick,true,217,0.826,false,legacy_unclassified,keep_review,/plumbers/pietermaritzburg,"Review demand, live inventory, uniqueness, and GSC performance before keeping."
pricing-isipingo,Plumber Pricing in Isipingo,Landing Pages/pricing,Isipingo,true,217,0.826,false,legacy_unclassified,keep_review,/,"Review demand, live inventory, uniqueness, and GSC performance before keeping."
pricing-kloof,Plumber Pricing in Kloof,Landing Pages/pricing,Kloof,true,217,0.826,false,legacy_unclassified,keep_review,/plumbers/pinetown-hillcrest,"Review demand, live inventory, uniqueness, and GSC performance before keeping."
pricing-kwazulu-natal,Plumber Pricing in KwaZulu-Natal,Landing Pages/pricing,KwaZulu-Natal,true,313,0.851,false,legacy_unclassified,keep_review,/,"Review demand, live inventory, uniqueness, and GSC performance before keeping."
pricing-kzn,Plumber Pricing in KZN,Landing Pages/pricing,KZN,true,315,0.856,false,legacy_unclassified,keep_review,/,"Review demand, live inventory, uniqueness, and GSC performance before keeping."
pricing-la-lucia,Plumber Pricing in La Lucia,Landing Pages/pricing,La Lucia,true,227,0.826,false,legacy_unclassified,keep_review,/,"Review demand, live inventory, uniqueness, and GSC performance before keeping."
pricing-margate,Plumber Pricing in Margate,Landing Pages/pricing,Margate,true,217,0.826,false,legacy_unclassified,keep_review,/plumbers/south-coast,"Review demand, live inventory, uniqueness, and GSC performance before keeping."
pricing-morningside,Plumber Pricing in Morningside,Landing Pages/pricing,Morningside,true,217,0.826,false,legacy_unclassified,keep_review,/plumbers/durban,"Review demand, live inventory, uniqueness, and GSC performance before keeping."
pricing-mount-edgecombe,Plumber Pricing in Mount Edgecombe,Landing Pages/pricing,Mount Edgecombe,true,227,0.747,false,legacy_unclassified,keep_review,/,"Review demand, live inventory, uniqueness, and GSC performance before keeping."
pricing-musgrave,Plumber Pricing in Musgrave,Landing Pages/pricing,Musgrave,true,217,0.826,false,legacy_unclassified,keep_review,/,"Review demand, live inventory, uniqueness, and GSC performance before keeping."
pricing-new-germany,Plumber Pricing in New Germany,Landing Pages/pricing,New Germany,true,227,0.747,false,legacy_unclassified,keep_review,/,"Review demand, live inventory, uniqueness, and GSC performance before keeping."
pricing-newcastle,Plumber Pricing in Newcastle,Landing Pages/pricing,Newcastle,true,302,0.861,false,legacy_unclassified,merge_review,/plumbers/newcastle,High template similarity and limited unique depth.
pricing-pietermaritzburg,Plumber Pricing in Pietermaritzburg,Landing Pages/pricing,Pietermaritzburg,true,325,0.855,false,legacy_unclassified,keep_review,/plumbers/pietermaritzburg,"Review demand, live inventory, uniqueness, and GSC performance before keeping."
pricing-pinetown,Plumber Pricing in Pinetown,Landing Pages/pricing,Pinetown,true,300,0.860,false,legacy_unclassified,merge_review,/plumbers/pinetown-hillcrest,High template similarity and limited unique depth.
pricing-port-shepstone,Plumber Pricing in Port Shepstone,Landing Pages/pricing,Port Shepstone,true,227,0.747,false,legacy_unclassified,keep_review,/plumbers/south-coast,"Review demand, live inventory, uniqueness, and GSC performance before keeping."
pricing-queensburgh,Plumber Pricing in Queensburgh,Landing Pages/pricing,Queensburgh,true,217,0.826,false,legacy_unclassified,keep_review,/,"Review demand, live inventory, uniqueness, and GSC performance before keeping."
pricing-richards-bay,Plumber Pricing in Richards Bay,Landing Pages/pricing,Richards Bay,true,316,0.771,false,legacy_unclassified,keep_review,/plumbers/richards-bay,"Review demand, live inventory, uniqueness, and GSC performance before keeping."
pricing-scottburgh,Plumber Pricing in Scottburgh,Landing Pages/pricing,Scottburgh,true,217,0.826,false,legacy_unclassified,keep_review,/plumbers/south-coast,"Review demand, live inventory, uniqueness, and GSC performance before keeping."
pricing-south-africa,Plumber Pricing in South Africa,Landing Pages/pricing,South Africa,true,329,0.763,false,legacy_unclassified,keep_review,/,"Review demand, live inventory, uniqueness, and GSC performance before keeping."
pricing-tongaat,Plumber Pricing in Tongaat,Landing Pages/pricing,Tongaat,true,217,0.826,false,legacy_unclassified,keep_review,/,"Review demand, live inventory, uniqueness, and GSC performance before keeping."
pricing-umdloti,Plumber Pricing in Umdloti,Landing Pages/pricing,Umdloti,true,217,0.826,false,legacy_unclassified,keep_review,/,"Review demand, live inventory, uniqueness, and GSC performance before keeping."
pricing-umhlanga,Plumber Pricing in Umhlanga,Landing Pages/pricing,Umhlanga,true,276,0.855,false,legacy_unclassified,keep_review,/plumbers/durban,"Review demand, live inventory, uniqueness, and GSC performance before keeping."
pricing-verulam,Plumber Pricing in Verulam,Landing Pages/pricing,Verulam,true,217,0.826,false,legacy_unclassified,keep_review,/,"Review demand, live inventory, uniqueness, and GSC performance before keeping."
pricing-westville,Plumber Pricing in Westville,Landing Pages/pricing,Westville,true,300,0.860,false,legacy_unclassified,merge_review,/plumbers/pinetown-hillcrest,High template similarity and limited unique depth.
solar-amanzimtoti,Solar Geyser in Amanzimtoti,Landing Pages/solar,Amanzimtoti,true,276,0.815,false,legacy_unclassified,keep_review,/services/geyser-repair,"Review demand, live inventory, uniqueness, and GSC performance before keeping."
solar-ballito,Solar Geyser in Ballito,Landing Pages/solar,Ballito,true,276,0.815,false,legacy_unclassified,keep_review,/plumbers/ballito-north-coast,"Review demand, live inventory, uniqueness, and GSC performance before keeping."
solar-berea,Solar Geyser in Berea,Landing Pages/solar,Berea,true,218,0.797,false,legacy_unclassified,keep_review,/plumbers/durban,"Review demand, live inventory, uniqueness, and GSC performance before keeping."
solar-bluff,Solar Geyser in Bluff,Landing Pages/solar,Bluff,true,218,0.797,false,legacy_unclassified,keep_review,/services/geyser-repair,"Review demand, live inventory, uniqueness, and GSC performance before keeping."
solar-chatsworth,Solar Geyser in Chatsworth,Landing Pages/solar,Chatsworth,true,218,0.797,false,legacy_unclassified,keep_review,/services/geyser-repair,"Review demand, live inventory, uniqueness, and GSC performance before keeping."
solar-durban,Solar Geyser in Durban,Landing Pages/solar,Durban,true,276,0.926,false,legacy_unclassified,merge_review,/plumbers/durban,High template similarity and limited unique depth.
solar-durban-north,Solar Geyser in Durban North,Landing Pages/solar,Durban North,true,290,1.000,false,legacy_unclassified,merge_review,/plumbers/durban,High template similarity and limited unique depth.
solar-durban-south,Solar Geyser in Durban South,Landing Pages/solar,Durban South,true,290,0.929,false,legacy_unclassified,merge_review,/plumbers/durban,High template similarity and limited unique depth.
solar-empangeni,Solar Geyser in Empangeni,Landing Pages/solar,Empangeni,true,218,0.797,false,legacy_unclassified,keep_review,/plumbers/richards-bay,"Review demand, live inventory, uniqueness, and GSC performance before keeping."
solar-gillitts,Solar Geyser in Gillitts,Landing Pages/solar,Gillitts,true,218,0.797,false,legacy_unclassified,keep_review,/services/geyser-repair,"Review demand, live inventory, uniqueness, and GSC performance before keeping."
solar-hillcrest,Solar Geyser in Hillcrest,Landing Pages/solar,Hillcrest,true,276,0.815,false,legacy_unclassified,keep_review,/plumbers/pinetown-hillcrest,"Review demand, live inventory, uniqueness, and GSC performance before keeping."
solar-hilton,Solar Geyser in Hilton,Landing Pages/solar,Hilton,true,218,0.797,false,legacy_unclassified,keep_review,/plumbers/pietermaritzburg,"Review demand, live inventory, uniqueness, and GSC performance before keeping."
solar-howick,Solar Geyser in Howick,Landing Pages/solar,Howick,true,218,0.797,false,legacy_unclassified,keep_review,/plumbers/pietermaritzburg,"Review demand, live inventory, uniqueness, and GSC performance before keeping."
solar-isipingo,Solar Geyser in Isipingo,Landing Pages/solar,Isipingo,true,218,0.797,false,legacy_unclassified,keep_review,/services/geyser-repair,"Review demand, live inventory, uniqueness, and GSC performance before keeping."
solar-kloof,Solar Geyser in Kloof,Landing Pages/solar,Kloof,true,218,0.797,false,legacy_unclassified,keep_review,/plumbers/pinetown-hillcrest,"Review demand, live inventory, uniqueness, and GSC performance before keeping."
solar-kwazulu-natal,Solar Geyser in KwaZulu-Natal,Landing Pages/solar,KwaZulu-Natal,true,255,0.773,false,legacy_unclassified,keep_review,/services/geyser-repair,"Review demand, live inventory, uniqueness, and GSC performance before keeping."
solar-la-lucia,Solar Geyser in La Lucia,Landing Pages/solar,La Lucia,true,228,0.797,false,legacy_unclassified,keep_review,/services/geyser-repair,"Review demand, live inventory, uniqueness, and GSC performance before keeping."
solar-margate,Solar Geyser in Margate,Landing Pages/solar,Margate,true,218,0.797,false,legacy_unclassified,keep_review,/plumbers/south-coast,"Review demand, live inventory, uniqueness, and GSC performance before keeping."
solar-morningside,Solar Geyser in Morningside,Landing Pages/solar,Morningside,true,218,0.797,false,legacy_unclassified,keep_review,/plumbers/durban,"Review demand, live inventory, uniqueness, and GSC performance before keeping."
solar-mount-edgecombe,Solar Geyser in Mount Edgecombe,Landing Pages/solar,Mount Edgecombe,true,228,0.724,false,legacy_unclassified,keep_review,/services/geyser-repair,"Review demand, live inventory, uniqueness, and GSC performance before keeping."
solar-musgrave,Solar Geyser in Musgrave,Landing Pages/solar,Musgrave,true,218,0.797,false,legacy_unclassified,keep_review,/services/geyser-repair,"Review demand, live inventory, uniqueness, and GSC performance before keeping."
solar-new-germany,Solar Geyser in New Germany,Landing Pages/solar,New Germany,true,228,0.724,false,legacy_unclassified,keep_review,/services/geyser-repair,"Review demand, live inventory, uniqueness, and GSC performance before keeping."
solar-newcastle,Solar Geyser in Newcastle,Landing Pages/solar,Newcastle,true,276,0.815,false,legacy_unclassified,keep_review,/plumbers/newcastle,"Review demand, live inventory, uniqueness, and GSC performance before keeping."
solar-pietermaritzburg,Solar Geyser in Pietermaritzburg,Landing Pages/solar,Pietermaritzburg,true,276,0.815,false,legacy_unclassified,keep_review,/plumbers/pietermaritzburg,"Review demand, live inventory, uniqueness, and GSC performance before keeping."
solar-pinetown,Solar Geyser in Pinetown,Landing Pages/solar,Pinetown,true,276,0.815,false,legacy_unclassified,keep_review,/plumbers/pinetown-hillcrest,"Review demand, live inventory, uniqueness, and GSC performance before keeping."
solar-port-shepstone,Solar Geyser in Port Shepstone,Landing Pages/solar,Port Shepstone,true,228,0.724,false,legacy_unclassified,keep_review,/plumbers/south-coast,"Review demand, live inventory, uniqueness, and GSC performance before keeping."
solar-queensburgh,Solar Geyser in Queensburgh,Landing Pages/solar,Queensburgh,true,218,0.797,false,legacy_unclassified,keep_review,/services/geyser-repair,"Review demand, live inventory, uniqueness, and GSC performance before keeping."
solar-richards-bay,Solar Geyser in Richards Bay,Landing Pages/solar,Richards Bay,true,290,0.729,false,legacy_unclassified,keep_review,/plumbers/richards-bay,"Review demand, live inventory, uniqueness, and GSC performance before keeping."
solar-scottburgh,Solar Geyser in Scottburgh,Landing Pages/solar,Scottburgh,true,218,0.797,false,legacy_unclassified,keep_review,/plumbers/south-coast,"Review demand, live inventory, uniqueness, and GSC performance before keeping."
solar-tongaat,Solar Geyser in Tongaat,Landing Pages/solar,Tongaat,true,218,0.797,false,legacy_unclassified,keep_review,/services/geyser-repair,"Review demand, live inventory, uniqueness, and GSC performance before keeping."
solar-umdloti,Solar Geyser in Umdloti,Landing Pages/solar,Umdloti,true,218,0.797,false,legacy_unclassified,keep_review,/services/geyser-repair,"Review demand, live inventory, uniqueness, and GSC performance before keeping."
solar-umhlanga,Solar Geyser in Umhlanga,Landing Pages/solar,Umhlanga,true,276,0.815,false,legacy_unclassified,keep_review,/plumbers/durban,"Review demand, live inventory, uniqueness, and GSC performance before keeping."
solar-verulam,Solar Geyser in Verulam,Landing Pages/solar,Verulam,true,218,0.797,false,legacy_unclassified,keep_review,/services/geyser-repair,"Review demand, live inventory, uniqueness, and GSC performance before keeping."
solar-westville,Solar Geyser in Westville,Landing Pages/solar,Westville,true,276,0.815,false,legacy_unclassified,keep_review,/plumbers/pinetown-hillcrest,"Review demand, live inventory, uniqueness, and GSC performance before keeping."
